archivo,split,madurez,fruto
T10_d02_275_a_1_jpg.rf.wWksDXX3C4hOPp493IwD.jpg,test,1,T10_275
T10_d02_392_a_1_jpg.rf.WT9U0IIvLbGnQGxyJYs3.jpg,test,1,T10_392
T10_d04_392_a_1_jpg.rf.geQ8XEzHwQmefNdYTksw.jpg,test,1,T10_392
T10_d05_015_a_1_jpg.rf.H9jzY1ul6Si2lvp66j1L.jpg,test,1,T10_015
T10_d05_331_a_1_jpg.rf.b1FGOKCfExfaWFCMww9V.jpg,test,1,T10_331
T10_d07_092_b_1_jpg.rf.IBrTGWCH8aeLo5d7YC8n.jpg,test,1,T10_092
T10_d07_162_a_1_jpg.rf.bbhRE5HNb7la08x8NujH.jpg,test,1,T10_162
T10_d07_395_a_1_jpg.rf.zUv5iN86livDBX2qE7M5.jpg,test,1,T10_395
T10_d08_471_b_1_jpg.rf.pRWuPkTutq50iAoyAg3C.jpg,test,1,T10_471
T20_d01_161_a_1_jpg.rf.r36Ieig41ncbpcomQiyi.jpg,test,1,T20_161
T20_d01_313_a_1_jpg.rf.1klAiHbibnWDHQcDhzkc.jpg,test,1,T20_313
T20_d01_360_a_1_jpg.rf.k4KIbkrqdPoPmcnMaYMl.jpg,test,1,T20_360
T20_d02_279_a_1_jpg.rf.qiGpQSYpRNf8vnLAgM6j.jpg,test,1,T20_279
T20_d02_360_a_1_jpg.rf.sHflsZQXMh4OX0oDyZl6.jpg,test,1,T20_360
T20_d03_020_a_1_jpg.rf.yuX7H7Fa7HkhL822iZ3u.jpg,test,1,T20_020
T20_d03_020_b_1_jpg.rf.pk8FUXbNi1qWQ2QTocW6.jpg,test,1,T20_020
Tam_d01_078_a_1_jpg.rf.t02YWo5Y7Fpzg39RQCni.jpg,test,1,Tam_078
Tam_d01_396_b_1_jpg.rf.CVY7iu6OQBObWD54JFje.jpg,test,1,Tam_396
Tam_d01_416_b_1_jpg.rf.MeE9PK8AOVtk658MfBgD.jpg,test,1,Tam_416
Tam_d02_164_a_1_jpg.rf.TzOYMGAjlKtabJTYlQ5S.jpg,test,1,Tam_164
Tam_d02_209_a_1_jpg.rf.0jsPfTxG2RLdzsX9EOXs.jpg,test,1,Tam_209
Tam_d02_396_b_1_jpg.rf.jG9HU5TBKKAsJXehUBZH.jpg,test,1,Tam_396
Tam_d03_362_b_1_jpg.rf.fPnQcliq999xJrOVRVpo.jpg,test,1,Tam_362
T10_d08_395_b_2_jpg.rf.DJUWEHr1NsOu1G55MsI0.jpg,test,2,T10_395
T10_d09_015_b_2_jpg.rf.2Ge0th0cVSofMHjbISCE.jpg,test,2,T10_015
T10_d09_092_b_2_jpg.rf.DWQDYA92dLhnGvpbJtrW.jpg,test,2,T10_092
T10_d09_100_b_2_jpg.rf.85zCsiVRvzfxbqMaBLNP.jpg,test,2,T10_100
T10_d09_162_b_2_jpg.rf.35WkU4ly6qoGaBbWkKFZ.jpg,test,2,T10_162
T10_d09_219_b_2_jpg.rf.tH8lBZtIlsRhVmmgSrxC.jpg,test,2,T10_219
T10_d10_275_b_2_jpg.rf.siGmwB5nnYXByUnGOoAu.jpg,test,2,T10_275
T10_d12_471_b_2_jpg.rf.0oxDsckZowNWvf6WM7rs.jpg,test,2,T10_471
T20_d03_190_b_2_jpg.rf.bIiegaqHUbV0Of9UiR7B.jpg,test,2,T20_190
T20_d03_360_b_2_jpg.rf.Vt9TJ05XjELgN6oqImnc.jpg,test,2,T20_360
T20_d03_468_a_2_jpg.rf.Gc5gIYPsXJMpRuqXTQdN.jpg,test,2,T20_468
T20_d04_360_b_2_jpg.rf.U1m2sXU9UTl3NDHMkQd6.jpg,test,2,T20_360
T20_d04_462_b_2_jpg.rf.jcCYsIqV0Libi90gZaqp.jpg,test,2,T20_462
Tam_d03_281_a_2_jpg.rf.tfsU5t1yPrvrzJfMRBpa.jpg,test,2,Tam_281
Tam_d03_339_b_2_jpg.rf.7bQRsPaiRmGMYKUMSICQ.jpg,test,2,Tam_339
Tam_d04_209_a_2_jpg.rf.RdFlPkURPfi3cVImtvwZ.jpg,test,2,Tam_209
Tam_d04_396_a_2_jpg.rf.J2mnBMCs8jGNhm8H7zkL.jpg,test,2,Tam_396
Tam_d04_396_b_2_jpg.rf.83eCyPbUQJIMTooU7TTa.jpg,test,2,Tam_396
Tam_d04_416_a_2_jpg.rf.ekIt23x3cigYF28DkA9B.jpg,test,2,Tam_416
Tam_d05_281_b_2_jpg.rf.miWTJH1m1Bx1qEyORgqz.jpg,test,2,Tam_281
Tam_d05_396_b_2_jpg.rf.tMPGrf5GMEcpKnjO4xBY.jpg,test,2,Tam_396
Tam_d05_416_a_2_jpg.rf.4uf07Yj6VO7KewfxWiwU.jpg,test,2,Tam_416
Tam_d05_416_b_2_jpg.rf.O24JnLvBYEnCAWbZp5o5.jpg,test,2,Tam_416
T10_d11_015_a_3_jpg.rf.RRhl6YOx18ej2gH6aZl8.jpg,test,3,T10_015
T10_d11_092_b_3_jpg.rf.L5iG9L5DjQdsXCyOPymX.jpg,test,3,T10_092
T10_d11_219_a_3_jpg.rf.xhIN3sD2Hv7fbVVjuOrj.jpg,test,3,T10_219
T10_d11_275_a_3_jpg.rf.0GpPj4Gg58KboiDWv09Y.jpg,test,3,T10_275
T10_d12_275_a_3_jpg.rf.joYY4Q9109yJUufFoaTk.jpg,test,3,T10_275
T10_d13_395_b_3_jpg.rf.K2359XhUAbfgrv0Q6Q5L.jpg,test,3,T10_395
T10_d13_471_a_3_jpg.rf.8407AQuYtv59mq5hszTs.jpg,test,3,T10_471
T10_d14_219_b_3_jpg.rf.3GS5ouDQBgMy3rQkHBM4.jpg,test,3,T10_219
T10_d15_395_b_3_jpg.rf.dkZB2Qaupj87W1gtUDYj.jpg,test,3,T10_395
T10_d16_275_b_3_jpg.rf.sRI7OyCHk4g9XMESfqfm.jpg,test,3,T10_275
T20_d05_085_a_3_jpg.rf.aDcNRK9J5A15JzuN6rPI.jpg,test,3,T20_085
T20_d07_085_a_3_jpg.rf.x1agl7J8ixjIs4TpqCUe.jpg,test,3,T20_085
T20_d07_141_a_3_jpg.rf.ib1ZLAe44RC9mV9uZzMs.jpg,test,3,T20_141
T20_d07_462_a_3_jpg.rf.pqwWcyTAt53EjMw5h7hI.jpg,test,3,T20_462
T20_d08_313_b_3_jpg.rf.dgOH6zDJDLFpTMJj6ZwZ.jpg,test,3,T20_313
Tam_d04_140_a_3_jpg.rf.zxkg4IO8ukNdMnLiUe6i.jpg,test,3,Tam_140
Tam_d04_231_b_3_jpg.rf.mcF79La0E4t2cTjXKXVF.jpg,test,3,Tam_231
Tam_d04_238_a_3_jpg.rf.qV1xH6Nd4fLGquvRgi5e.jpg,test,3,Tam_238
Tam_d06_140_a_3_jpg.rf.9OU5IFVN0rbnHwRCLwiZ.jpg,test,3,Tam_140
Tam_d06_238_a_3_jpg.rf.zoWpBGQK0aVvPetUOTeA.jpg,test,3,Tam_238
Tam_d07_374_a_3_jpg.rf.8oq9xBGTWRW2s2jUkBdN.jpg,test,3,Tam_374
Tam_d07_396_b_3_jpg.rf.x8Mc94YBI7GO4aAA2Ez0.jpg,test,3,Tam_396
T10_d11_392_a_4_jpg.rf.a2R0RLBxOjvWLus9vcXs.jpg,test,4,T10_392
T10_d16_392_b_4_jpg.rf.J4DWVf3WMNrgJ8UI9fRK.jpg,test,4,T10_392
T10_d17_392_a_4_jpg.rf.us9u1l4LlmCxXzhUCRA9.jpg,test,4,T10_392
T10_d17_392_b_4_jpg.rf.mkhehSr7hvqljE5531tU.jpg,test,4,T10_392
T10_d20_219_a_4_jpg.rf.OxGghTlPxx79eAjwHxRA.jpg,test,4,T10_219
T10_d20_471_b_4_jpg.rf.kxkyqrtQOONf2ISSJ11L.jpg,test,4,T10_471
T10_d22_275_b_4_jpg.rf.SXymwt3ipubsASL01FiP.jpg,test,4,T10_275
T20_d05_161_b_4_jpg.rf.1WFA0Po9FBZt8Y8797n1.jpg,test,4,T20_161
T20_d05_190_a_4_jpg.rf.iucbBsKpsHK6JFRLQXyn.jpg,test,4,T20_190
T20_d06_240_a_4_jpg.rf.KwWZzzaCtlssc769Xd8J.jpg,test,4,T20_240
T20_d06_279_b_4_jpg.rf.4fOQNBpvL3WZm2i2Wcwz.jpg,test,4,T20_279
T20_d06_468_b_4_jpg.rf.3DlkzW3TP3BuedOvgeBX.jpg,test,4,T20_468
T20_d08_190_b_4_jpg.rf.DHRNp4YfB6uODQBnmGAv.jpg,test,4,T20_190
T20_d09_462_a_4_jpg.rf.hB6vaxDBxjwu8ym0MwFe.jpg,test,4,T20_462
Tam_d05_344_a_4_jpg.rf.2BnPgUSLqiTwoszTEllY.jpg,test,4,Tam_344
Tam_d06_078_b_4_jpg.rf.qIyVHGyTdNpKmlWFSPCS.jpg,test,4,Tam_078
Tam_d07_078_b_4_jpg.rf.w691jRXKD2f840dmClhN.jpg,test,4,Tam_078
Tam_d07_135_a_4_jpg.rf.tVLowr9As5RXWpuz8XPi.jpg,test,4,Tam_135
Tam_d07_140_b_4_jpg.rf.pFQqxHDvr1ZHiefEvelt.jpg,test,4,Tam_140
Tam_d07_416_b_4_jpg.rf.CZfqPNOs80Y84V6mm2eA.jpg,test,4,Tam_416
Tam_d08_164_b_4_jpg.rf.NQUH5DUPbegQgPpX44PN.jpg,test,4,Tam_164
Tam_d08_238_a_4_jpg.rf.PcNTFreIJPtr7gjWHWqd.jpg,test,4,Tam_238
Tam_d08_472_b_4_jpg.rf.m0AdiOTeMDJ3itta2Hm8.jpg,test,4,Tam_472
Tam_d09_209_a_4_jpg.rf.FpDVttdxZIydToL7HBj8.jpg,test,4,Tam_209
T10_d23_395_b_5_jpg.rf.sxGqTOTMFMTMw7Uls1zx.jpg,test,5,T10_395
T10_d24_471_a_5_jpg.rf.uJDnYlSlUmyZY7MFmpQD.jpg,test,5,T10_471
T10_d25_015_a_5_jpg.rf.kPhH0N5pFP3RErVxwWkJ.jpg,test,5,T10_015
T10_d25_092_a_5_jpg.rf.bhpQcDCXaDIIsqRXwJAx.jpg,test,5,T10_092
T10_d25_395_a_5_jpg.rf.9zZIOSamXAFS5tbdbW2I.jpg,test,5,T10_395
T10_d26_015_b_5_jpg.rf.BdG8Rwze2KYxByGqcOND.jpg,test,5,T10_015
T20_d09_468_a_5_jpg.rf.GNpNYXPcvt82w7gw7jnZ.jpg,test,5,T20_468
T20_d10_141_a_5_jpg.rf.JUEnBXWzfdyHOe9oNnDw.jpg,test,5,T20_141
T20_d10_228_b_5_jpg.rf.mEhkX7C8pULfTZQLzeF4.jpg,test,5,T20_228
T20_d10_240_b_5_jpg.rf.n8IkHxopAsAy7yUMOw3b.jpg,test,5,T20_240
T20_d10_289_b_5_jpg.rf.K8RBFZojRJREE6qX8MoK.jpg,test,5,T20_289
T20_d11_161_a_5_jpg.rf.ILeG9LxLvBD5PPa07thg.jpg,test,5,T20_161
T20_d11_190_a_5_jpg.rf.9E8qGyQdIdJSSldlzjHX.jpg,test,5,T20_190
Tam_d09_281_b_5_jpg.rf.PyhR59CJkDCW2AD6SWeZ.jpg,test,5,Tam_281
Tam_d10_344_b_5_jpg.rf.WOx5zpR8YLdJ9fipCTVI.jpg,test,5,Tam_344
Tam_d10_472_b_5_jpg.rf.lshvWNhPdW1FSkDtVQHu.jpg,test,5,Tam_472
Tam_d11_126_b_5_jpg.rf.hQSahW2braVEsExz42vP.jpg,test,5,Tam_126
Tam_d11_231_b_5_jpg.rf.iKM5rX2dyC2HnM1JHvsY.jpg,test,5,Tam_231
Tam_d11_339_b_5_jpg.rf.4qy5Nd7mVarCaRj9DAHL.jpg,test,5,Tam_339
Tam_d11_362_a_5_jpg.rf.YnbDeToTzULD4EaHeylm.jpg,test,5,Tam_362
T10_d01_120_a_1_jpg.rf.0F836MuacX1ZFtCwgzPK.jpg,train,1,T10_120
T10_d01_122_a_1_jpg.rf.YcONc7BYXkkB01tB9OzV.jpg,train,1,T10_122
T10_d01_128_a_1_jpg.rf.RaaRlct30GtVeaeEkvpf.jpg,train,1,T10_128
T10_d01_129_b_1_jpg.rf.uhTr1c8U9VYHJVN4KDED.jpg,train,1,T10_129
T10_d01_145_a_1_jpg.rf.qybFw5IPa3MLCyzcbQdT.jpg,train,1,T10_145
T10_d01_149_a_1_jpg.rf.bZWP1qsJItI6EgSJriOJ.jpg,train,1,T10_149
T10_d01_156_a_1_jpg.rf.fiYkplPayo5LXmoyZupk.jpg,train,1,T10_156
T10_d01_163_b_1_jpg.rf.ny4ZsgOAg6HdfbmQ48cT.jpg,train,1,T10_163
T10_d01_165_a_1_jpg.rf.lyP8FwSU5qN2PWV9Nzro.jpg,train,1,T10_165
T10_d01_221_b_1_jpg.rf.Y3l6GMG82lhnOgsOmJbb.jpg,train,1,T10_221
T10_d01_229_b_1_jpg.rf.8aPWvXdjHac2seWbtLIt.jpg,train,1,T10_229
T10_d01_234_b_1_jpg.rf.alPdNv6fXc0RSl2mgoRH.jpg,train,1,T10_234
T10_d01_245_a_1_jpg.rf.my8keXeFyceqRuFQsXcE.jpg,train,1,T10_245
T10_d01_365_a_1_jpg.rf.btw2rgzxDRbEL2UWRR0d.jpg,train,1,T10_365
T10_d01_376_a_1_jpg.rf.1xykTk0NsFK7YVfL7Zcj.jpg,train,1,T10_376
T10_d01_410_a_1_jpg.rf.eSDvRK00eUmNQrSsksrN.jpg,train,1,T10_410
T10_d01_414_a_1_jpg.rf.eJOa3KhUMr0Fot0pO1A2.jpg,train,1,T10_414
T10_d01_418_a_1_jpg.rf.ZS3a8g6tBLWM05QFROM9.jpg,train,1,T10_418
T10_d01_447_a_1_jpg.rf.97pmhtjsSLBMHCgcyIP5.jpg,train,1,T10_447
T10_d01_475_b_1_jpg.rf.6t46xaeHvh5fXvjb3eS4.jpg,train,1,T10_475
T10_d02_034_b_1_jpg.rf.OZ2LXvNwtNIzUCN6ZUY5.jpg,train,1,T10_034
T10_d02_054_a_1_jpg.rf.od65dNJKxYkNAw72Fxgf.jpg,train,1,T10_054
T10_d02_061_a_1_jpg.rf.ZIA5aDcjiEwg4dzGoOVe.jpg,train,1,T10_061
T10_d02_096_a_1_jpg.rf.hHkJsk0j1eCfWBtul8e1.jpg,train,1,T10_096
T10_d02_113_a_1_jpg.rf.1kOeyDui6F9gJuI43Ul8.jpg,train,1,T10_113
T10_d02_163_b_1_jpg.rf.Dxb8jnU6dNjXsjqzwRTR.jpg,train,1,T10_163
T10_d02_194_a_1_jpg.rf.LTOt9sz55C41MTEKj2zM.jpg,train,1,T10_194
T10_d02_250_b_1_jpg.rf.WhNs9R6jv15qCR2QtFns.jpg,train,1,T10_250
T10_d02_282_b_1_jpg.rf.frdLhiaMQfEugIqWj2Vw.jpg,train,1,T10_282
T10_d02_296_b_1_jpg.rf.T6psR8q8A0tyuPlm0qWE.jpg,train,1,T10_296
T10_d02_349_a_1_jpg.rf.eYEM3s9odqUHt4G64y9T.jpg,train,1,T10_349
T10_d02_366_b_1_jpg.rf.kjc9LuzXmnPq6vbm4oDS.jpg,train,1,T10_366
T10_d02_372_a_1_jpg.rf.kuU8MrgPvYoZTwInLEpG.jpg,train,1,T10_372
T10_d02_377_a_1_jpg.rf.xWPehQgesVLW6ohXfZ6B.jpg,train,1,T10_377
T10_d02_401_b_1_jpg.rf.KENLG2sLBv0bLZl8LjBg.jpg,train,1,T10_401
T10_d02_405_a_1_jpg.rf.g4FTjO61mkfwgkFLnLJJ.jpg,train,1,T10_405
T10_d02_445_b_1_jpg.rf.BU0zuSKgb0BXvhrcTKcS.jpg,train,1,T10_445
T10_d03_083_a_1_jpg.rf.oByUHHhcMnyTkPI5F7jn.jpg,train,1,T10_083
T10_d03_108_b_1_jpg.rf.G4GzpY4DGHQanNf3IjR7.jpg,train,1,T10_108
T10_d03_130_a_1_jpg.rf.KRB4ZXzgWlR5NnkTHXrV.jpg,train,1,T10_130
T10_d03_163_b_1_jpg.rf.kzmNDIKKMqzxJ4d5HvtI.jpg,train,1,T10_163
T10_d03_166_b_1_jpg.rf.f5gnvfpYh9ykv3clf13p.jpg,train,1,T10_166
T10_d03_172_b_1_jpg.rf.iz6wI3P5qWpDCEceTcDf.jpg,train,1,T10_172
T10_d03_181_b_1_jpg.rf.Q2ywkL9HyEiNeByCJXpx.jpg,train,1,T10_181
T10_d03_193_a_1_jpg.rf.fSoVMuA59efUE7sYCIIF.jpg,train,1,T10_193
T10_d03_196_a_1_jpg.rf.YTAM5CN2SkAFCaZKxvEy.jpg,train,1,T10_196
T10_d03_211_a_1_jpg.rf.9W4Y8dUL2ph9XFGVzgWz.jpg,train,1,T10_211
T10_d03_215_a_1_jpg.rf.Baz4tn3J99fadYzJGZuH.jpg,train,1,T10_215
T10_d03_223_b_1_jpg.rf.cG0kzM4MO0Ayc1cMfLrL.jpg,train,1,T10_223
T10_d03_233_a_1_jpg.rf.Dg6ehcWX5MOKLOns7MfV.jpg,train,1,T10_233
T10_d03_233_b_1_jpg.rf.9J0QXvDhl8cZXF5yKDq0.jpg,train,1,T10_233
T10_d03_236_a_1_jpg.rf.4pKBtckxqAQGjrQWGAie.jpg,train,1,T10_236
T10_d03_236_b_1_jpg.rf.4uLrKxJ7gZ0KmHpeIEoh.jpg,train,1,T10_236
T10_d03_269_a_1_jpg.rf.eWq0vj2BcAIoDI0JA9sf.jpg,train,1,T10_269
T10_d03_269_b_1_jpg.rf.HPtKljsa2I80tFXOseHJ.jpg,train,1,T10_269
T10_d03_290_a_1_jpg.rf.5B24SmoqGjoIV0W3odim.jpg,train,1,T10_290
T10_d03_294_b_1_jpg.rf.V8qiOUlGeeG0OwURFEEQ.jpg,train,1,T10_294
T10_d03_315_b_1_jpg.rf.pzZSHdRL99Q5vSVzCoM5.jpg,train,1,T10_315
T10_d03_325_a_1_jpg.rf.VNBLjDeuqjQKG0E0dKRP.jpg,train,1,T10_325
T10_d03_337_b_1_jpg.rf.jRiYs89J8yFBTq5PucGG.jpg,train,1,T10_337
T10_d03_377_a_1_jpg.rf.DFhpFiuwbD58JwIH4iMd.jpg,train,1,T10_377
T10_d03_377_b_1_jpg.rf.IAbVqPRqwv1JKnxBtHvs.jpg,train,1,T10_377
T10_d03_387_a_1_jpg.rf.PlrFEJ9KeLnlc4v8Ax7A.jpg,train,1,T10_387
T10_d03_425_b_1_jpg.rf.SRmbnCshuG7jRLoLbJCu.jpg,train,1,T10_425
T10_d03_445_b_1_jpg.rf.olAwOGeu0ixBY9G1xY7c.jpg,train,1,T10_445
T10_d03_459_a_1_jpg.rf.c3KhvAdyaLhcVFESqREv.jpg,train,1,T10_459
T10_d03_475_b_1_jpg.rf.sxtbF8fhPtW59Qrnpnb1.jpg,train,1,T10_475
T10_d04_007_a_1_jpg.rf.o7d28eRG8xvqxhIgREg2.jpg,train,1,T10_007
T10_d04_013_b_1_jpg.rf.4o4EzjV3iABNn3EIrzZy.jpg,train,1,T10_013
T10_d04_026_a_1_jpg.rf.FTvzSFsMcRVpyJTCDbfh.jpg,train,1,T10_026
T10_d04_047_b_1_jpg.rf.QQhJ2jpql3oZvjBPm72F.jpg,train,1,T10_047
T10_d04_069_b_1_jpg.rf.PywOlOf2tbn0yj0Es5IN.jpg,train,1,T10_069
T10_d04_099_a_1_jpg.rf.m8zTmB5iPPKeyV3abdxU.jpg,train,1,T10_099
T10_d04_156_b_1_jpg.rf.6SYU3jeAyxNDgV28xGHR.jpg,train,1,T10_156
T10_d04_290_b_1_jpg.rf.eESQUhrw1N1Tw2hYJVAY.jpg,train,1,T10_290
T10_d04_294_b_1_jpg.rf.avmg74Y40EQKJWoFSwbt.jpg,train,1,T10_294
T10_d04_349_b_1_jpg.rf.Cwh772dTBHKkwk9UGFAa.jpg,train,1,T10_349
T10_d04_357_a_1_jpg.rf.wRbDMqBK49tUQHRtLa38.jpg,train,1,T10_357
T10_d04_414_b_1_jpg.rf.Mzi2j8AXSrN3yfqV6tNF.jpg,train,1,T10_414
T10_d04_444_a_1_jpg.rf.iijkpAI6vbFAfsxxoAoF.jpg,train,1,T10_444
T10_d04_445_b_1_jpg.rf.7zEdKVPAnF7K8wV1goju.jpg,train,1,T10_445
T10_d04_458_a_1_jpg.rf.HybuyEAJMtaBsytCG2kH.jpg,train,1,T10_458
T10_d05_027_b_1_jpg.rf.TnaXa7l0n2Zj7ejtHGRE.jpg,train,1,T10_027
T10_d05_046_a_1_jpg.rf.da3yxvwUY28lemqFhVao.jpg,train,1,T10_046
T10_d05_047_b_1_jpg.rf.0nS9dago3WSWke9z9dZe.jpg,train,1,T10_047
T10_d05_093_b_1_jpg.rf.TFUa6hbniH1DEp9Xb81b.jpg,train,1,T10_093
T10_d05_098_a_1_jpg.rf.jiNUttD2sHPk3Cy3jkTG.jpg,train,1,T10_098
T10_d05_108_a_1_jpg.rf.qrnf1pdH4dnPKL1pZcNC.jpg,train,1,T10_108
T10_d05_122_b_1_jpg.rf.vzj18WkKSKtvhI5mW06Q.jpg,train,1,T10_122
T10_d05_172_b_1_jpg.rf.RuNsfSbWUwek0u3dbb7Q.jpg,train,1,T10_172
T10_d05_181_b_1_jpg.rf.jiaElpl7dIRfG7EOwqGu.jpg,train,1,T10_181
T10_d05_338_a_1_jpg.rf.xZRaFCvUUZW5do0S0Hls.jpg,train,1,T10_338
T10_d05_372_a_1_jpg.rf.B6uKvFM6JugxClPeQPsf.jpg,train,1,T10_372
T10_d05_387_b_1_jpg.rf.lCFpsjY2UfAHRShhjVL5.jpg,train,1,T10_387
T10_d05_449_a_1_jpg.rf.GiTUo4SfXKG0VzTuUENT.jpg,train,1,T10_449
T10_d05_458_a_1_jpg.rf.7U5Q5vbiV6BU8LJV1crW.jpg,train,1,T10_458
T10_d05_459_b_1_jpg.rf.dknsXcqve7F3ojEFltrS.jpg,train,1,T10_459
T10_d06_069_b_1_jpg.rf.CWMqLVwLmBvINx9HMHkC.jpg,train,1,T10_069
T10_d06_096_b_1_jpg.rf.F3nuHkylswEEjJghcCIm.jpg,train,1,T10_096
T10_d06_128_b_1_jpg.rf.xmFU2Uxv8RLsuWXTyITL.jpg,train,1,T10_128
T10_d06_149_a_1_jpg.rf.SHeIwigapE9njFTx0f1c.jpg,train,1,T10_149
T10_d06_221_a_1_jpg.rf.ZbIg7egMUL1yfIfHcRMm.jpg,train,1,T10_221
T10_d06_223_a_1_jpg.rf.VDHnHRqthXZMZE6PiXLv.jpg,train,1,T10_223
T10_d06_250_a_1_jpg.rf.OFn9XgfhnAItCQR8bdzs.jpg,train,1,T10_250
T10_d06_429_b_1_jpg.rf.5PQwZeDH1ZLlPiAqmb9k.jpg,train,1,T10_429
T10_d07_003_a_1_jpg.rf.lPaBMN6QJ6CcpoH0ohIK.jpg,train,1,T10_003
T10_d07_047_b_1_jpg.rf.PQjWHiagBYkkmP5v5TKv.jpg,train,1,T10_047
T10_d07_229_a_1_jpg.rf.ruxri8UPs6myzfr9opeg.jpg,train,1,T10_229
T10_d07_229_b_1_jpg.rf.QHJLaQovOjZmuZKGzF3j.jpg,train,1,T10_229
T10_d07_262_a_1_jpg.rf.Xux3nTbWy5GUzK4fVfVu.jpg,train,1,T10_262
T10_d07_276_b_1_jpg.rf.u0Pos3ejqd7xQKdZBKHy.jpg,train,1,T10_276
T10_d07_350_a_1_jpg.rf.vVGWJS6fVQo8PVeOGV8E.jpg,train,1,T10_350
T10_d07_350_b_1_jpg.rf.VMMcrbUOgmRjo4YAB75i.jpg,train,1,T10_350
T10_d07_420_a_1_jpg.rf.KyXxKqXAyxQEJb7hUGIV.jpg,train,1,T10_420
T10_d07_454_a_1_jpg.rf.bFKlMETiTjPzhNxovaiJ.jpg,train,1,T10_454
T10_d08_113_b_1_jpg.rf.OJVHl88rfxqH8J5FMhjq.jpg,train,1,T10_113
T10_d08_129_a_1_jpg.rf.sHM8TG4SI5sCqCO8iM4W.jpg,train,1,T10_129
T10_d08_172_a_1_jpg.rf.NDmq5fP6YW0q2C659QA6.jpg,train,1,T10_172
T10_d08_236_a_1_jpg.rf.pa1VsRDsbZquaLNlAMPt.jpg,train,1,T10_236
T10_d08_245_a_1_jpg.rf.WnuiNdx0M6KWCSaGi05d.jpg,train,1,T10_245
T10_d08_262_b_1_jpg.rf.lVLXnASU619XskVxLWaU.jpg,train,1,T10_262
T10_d08_328_b_1_jpg.rf.sAeMARE6AG9bPxNf5ctq.jpg,train,1,T10_328
T10_d08_338_a_1_jpg.rf.RM4kGwDo9kQrnJfyuK7H.jpg,train,1,T10_338
T10_d08_449_b_1_jpg.rf.tzYtCbmlShoZFhzbONtR.jpg,train,1,T10_449
T20_d01_025_a_1_jpg.rf.VzS37Nr9MpqGDgV16Qix.jpg,train,1,T20_025
T20_d01_040_a_1_jpg.rf.SwLBJU2G36jNd1tdtLRl.jpg,train,1,T20_040
T20_d01_090_b_1_jpg.rf.jLM4tauIbXC2OScGX15R.jpg,train,1,T20_090
T20_d01_091_a_1_jpg.rf.nc49ML6nHfK67tG5Z4K0.jpg,train,1,T20_091
T20_d01_114_b_1_jpg.rf.JDPSIVXlq5A9UlfjII9W.jpg,train,1,T20_114
T20_d01_177_a_1_jpg.rf.AaURspyXxf03gFEiieQg.jpg,train,1,T20_177
T20_d01_185_b_1_jpg.rf.1EMvk7Ft1LaTgkHETUoz.jpg,train,1,T20_185
T20_d01_214_a_1_jpg.rf.co1sg9Pv82NOUuaVJymN.jpg,train,1,T20_214
T20_d01_222_b_1_jpg.rf.XZDPexv5JKX1pIANbz38.jpg,train,1,T20_222
T20_d01_244_b_1_jpg.rf.MnxWgsrN3qT9Ho9YvjHE.jpg,train,1,T20_244
T20_d01_255_b_1_jpg.rf.gMKHAfLwHXRJfubxyiBV.jpg,train,1,T20_255
T20_d01_265_b_1_jpg.rf.Ku7WPGMoPbLHv3MrWm68.jpg,train,1,T20_265
T20_d01_267_a_1_jpg.rf.uYc7pjqlJMXb1lagXAwf.jpg,train,1,T20_267
T20_d01_300_b_1_jpg.rf.u89he5s7EALAWUP8rcW6.jpg,train,1,T20_300
T20_d01_322_b_1_jpg.rf.l5YpVvyAxYOUNF4iOejs.jpg,train,1,T20_322
T20_d01_378_b_1_jpg.rf.kURA8ClmBR0a988orZoC.jpg,train,1,T20_378
T20_d01_391_b_1_jpg.rf.2Dprt3Jp5JuRdAEGYSx1.jpg,train,1,T20_391
T20_d01_431_b_1_jpg.rf.Pm9QwwEyOsa1a7s6J2Nz.jpg,train,1,T20_431
T20_d01_463_b_1_jpg.rf.2elfrEu1M1fuH8jCtNtc.jpg,train,1,T20_463
T20_d02_029_b_1_jpg.rf.WUqwIQpwG96eaLiq4JCB.jpg,train,1,T20_029
T20_d02_049_b_1_jpg.rf.FvrglyU65YVRHfbA34FN.jpg,train,1,T20_049
T20_d02_103_a_1_jpg.rf.F953DjdY6EjKd5MtIM7q.jpg,train,1,T20_103
T20_d02_106_a_1_jpg.rf.WCHQmn47or8kdXycXC2w.jpg,train,1,T20_106
T20_d02_115_a_1_jpg.rf.7GRFkJNbQ4AUpTZZFwdd.jpg,train,1,T20_115
T20_d02_137_b_1_jpg.rf.cObnMsSkRxntTGqdkeDX.jpg,train,1,T20_137
T20_d02_187_a_1_jpg.rf.XuMNY0kXnV8loFvdbh5s.jpg,train,1,T20_187
T20_d02_263_a_1_jpg.rf.RJMCpQapVbn8TVSjVbz8.jpg,train,1,T20_263
T20_d02_311_b_1_jpg.rf.AIupkBszGk11UtoRLajg.jpg,train,1,T20_311
T20_d02_391_a_1_jpg.rf.lxwJC8jJKGNYjlKLAgU6.jpg,train,1,T20_391
T20_d03_222_b_1_jpg.rf.plw3Ki05vNPRlMgWtE9W.jpg,train,1,T20_222
T20_d03_378_b_1_jpg.rf.jPwcrRJzjHKDme78DWhV.jpg,train,1,T20_378
T20_d03_384_b_1_jpg.rf.CJzrpnhwQLZO2VCuZ218.jpg,train,1,T20_384
Tam_d01_028_b_1_jpg.rf.jFIXJ8302mq1xcubej0T.jpg,train,1,Tam_028
Tam_d01_117_b_1_jpg.rf.AGJQC0gGCkxGWlBYC1NX.jpg,train,1,Tam_117
Tam_d01_121_b_1_jpg.rf.mURTZHz15qiprJ2kMoKB.jpg,train,1,Tam_121
Tam_d01_124_b_1_jpg.rf.9g0uPGkme2mZiyaYgPK1.jpg,train,1,Tam_124
Tam_d01_144_a_1_jpg.rf.eOAqpItJAGEWkcc6rWQY.jpg,train,1,Tam_144
Tam_d01_158_a_1_jpg.rf.TDJ2Vm6Bale6iDNVO3xr.jpg,train,1,Tam_158
Tam_d01_182_a_1_jpg.rf.fCkI4zlcCyhc5NkQ5DqZ.jpg,train,1,Tam_182
Tam_d01_218_a_1_jpg.rf.mfBKCyLKAJc0aeW5T8Sg.jpg,train,1,Tam_218
Tam_d01_248_b_1_jpg.rf.hqMRqOAVSGJ9RlgsaQ82.jpg,train,1,Tam_248
Tam_d01_280_b_1_jpg.rf.UCumq0M58NrXyt7Evm0a.jpg,train,1,Tam_280
Tam_d01_307_a_1_jpg.rf.XYfRD61zSO4jYzcQCHXQ.jpg,train,1,Tam_307
Tam_d01_323_a_1_jpg.rf.AHDaNwDNkpHXm2bkcjoR.jpg,train,1,Tam_323
Tam_d01_379_a_1_jpg.rf.o9NTZpUtlNY2iZLPi4Hy.jpg,train,1,Tam_379
Tam_d02_169_b_1_jpg.rf.ib0fIqG5ATJB56uk4HPv.jpg,train,1,Tam_169
Tam_d02_200_b_1_jpg.rf.phy59EkMcqxoa3OWhivr.jpg,train,1,Tam_200
Tam_d03_102_b_1_jpg.rf.zdM2eNb0mVQ7G1lAXKjN.jpg,train,1,Tam_102
Tam_d04_342_a_1_jpg.rf.COTmetXpJExtQhw0ZvrX.jpg,train,1,Tam_342
T10_d02_227_a_2_jpg.rf.QrkY0P3Db9MjIsQpRuhs.jpg,train,2,T10_227
T10_d02_227_b_2_jpg.rf.lA54FmXITApzMeTzhbr5.jpg,train,2,T10_227
T10_d04_284_b_2_jpg.rf.Te4Elkv7GSmGfZ42XSrO.jpg,train,2,T10_284
T10_d05_026_b_2_jpg.rf.xJGwjFns9Ie3oniYW4yH.jpg,train,2,T10_026
T10_d05_233_b_2_jpg.rf.MYLbrPH5YUVafRZVhLve.jpg,train,2,T10_233
T10_d05_377_b_2_jpg.rf.oxQW5uUW3acelKHA5NNO.jpg,train,2,T10_377
T10_d05_448_b_2_jpg.rf.RgdeKbSFgXV5Kusr3Nfu.jpg,train,2,T10_448
T10_d06_202_b_2_jpg.rf.FmKleGFG4ZK3usdg47q9.jpg,train,2,T10_202
T10_d06_233_b_2_jpg.rf.N4vIuCINmX4R9md3abhJ.jpg,train,2,T10_233
T10_d06_284_a_2_jpg.rf.NubS6DYkfvJ5vxqzGyFn.jpg,train,2,T10_284
T10_d07_069_b_2_jpg.rf.t7zdwMJeHoFlfYmPbHzq.jpg,train,2,T10_069
T10_d08_002_a_2_jpg.rf.eY1UeRs5wzMLtR1WVwtg.jpg,train,2,T10_002
T10_d08_026_b_2_jpg.rf.ckfIHxF24Uqkh9iZmo3l.jpg,train,2,T10_026
T10_d08_055_b_2_jpg.rf.vqHpAHRjBFhukZPpFgRt.jpg,train,2,T10_055
T10_d08_061_b_2_jpg.rf.H9m8QyTSotwmTT6FpCXT.jpg,train,2,T10_061
T10_d08_099_a_2_jpg.rf.7S1rTCTmtjd2kETj3xhb.jpg,train,2,T10_099
T10_d08_118_a_2_jpg.rf.5azkn68eV8AvLj0sVnNE.jpg,train,2,T10_118
T10_d08_122_b_2_jpg.rf.eLNjzhEyPAyTZpJEtQNF.jpg,train,2,T10_122
T10_d08_130_b_2_jpg.rf.xPUV1VRJsm1ZaL2Uhjrz.jpg,train,2,T10_130
T10_d08_131_a_2_jpg.rf.5GPr9GlS4rRdy1FNoTtq.jpg,train,2,T10_131
T10_d08_131_b_2_jpg.rf.SADLxnqBCooffdXeUj69.jpg,train,2,T10_131
T10_d08_145_a_2_jpg.rf.K7yfHbxNvFmlE7vjVQi4.jpg,train,2,T10_145
T10_d08_145_b_2_jpg.rf.QcJ5cot7Mk1gykh1EEbo.jpg,train,2,T10_145
T10_d08_152_a_2_jpg.rf.ffqNRJf0nccNSCP8mUP9.jpg,train,2,T10_152
T10_d08_181_b_2_jpg.rf.dRPkkcnF0CBlBk4lhMZd.jpg,train,2,T10_181
T10_d08_202_a_2_jpg.rf.ASIjpVBjD9RIeDzDqtbZ.jpg,train,2,T10_202
T10_d08_237_b_2_jpg.rf.TtZ4GbX5dsOWE3MJtyPK.jpg,train,2,T10_237
T10_d08_266_b_2_jpg.rf.7T70vZJz8P6nkykDW17F.jpg,train,2,T10_266
T10_d08_269_a_2_jpg.rf.JNbRzMpTM2HBqNIufHxk.jpg,train,2,T10_269
T10_d08_282_b_2_jpg.rf.hpaovcwjfa7WBUJsXaIK.jpg,train,2,T10_282
T10_d08_295_a_2_jpg.rf.tdx1yj7OxclBuFzAmBYD.jpg,train,2,T10_295
T10_d08_349_a_2_jpg.rf.106nxBxTXgFr8jZ88JYN.jpg,train,2,T10_349
T10_d08_377_b_2_jpg.rf.hNleEhgbRtD5QYdXQnQV.jpg,train,2,T10_377
T10_d08_415_a_2_jpg.rf.6q68DUcs7d9I4YfbL6pv.jpg,train,2,T10_415
T10_d09_002_a_2_jpg.rf.q9LObhmXytBu7CKRYMrr.jpg,train,2,T10_002
T10_d09_027_b_2_jpg.rf.jK2bSXQIdwG7E8mlSAEW.jpg,train,2,T10_027
T10_d09_034_b_2_jpg.rf.q3aW1JiyFFRadLMAVSBq.jpg,train,2,T10_034
T10_d09_048_a_2_jpg.rf.YXsLGvM9qWtay6jUnFAo.jpg,train,2,T10_048
T10_d09_061_a_2_jpg.rf.DPIXM6Nrr3yX2kdBG3rA.jpg,train,2,T10_061
T10_d09_110_a_2_jpg.rf.9fgBXe5pZr4JlqaOoWVd.jpg,train,2,T10_110
T10_d09_113_a_2_jpg.rf.RxfS91FlO0IaI7qFtIDD.jpg,train,2,T10_113
T10_d09_118_a_2_jpg.rf.dzwJq1cThV2cqtBLZvkJ.jpg,train,2,T10_118
T10_d09_129_a_2_jpg.rf.zFH6h6CU7JKvB8oQkkDq.jpg,train,2,T10_129
T10_d09_130_a_2_jpg.rf.ZZ7unTUk1r1FVF99VaWm.jpg,train,2,T10_130
T10_d09_130_b_2_jpg.rf.ZGoXsZmxUwsYXAcCoKPZ.jpg,train,2,T10_130
T10_d09_138_a_2_jpg.rf.4YTu1v7J0Dca9ZIdTzj7.jpg,train,2,T10_138
T10_d09_145_a_2_jpg.rf.MqOR3SQ7kbYbFa90uZBL.jpg,train,2,T10_145
T10_d09_196_b_2_jpg.rf.3RvsDPW8ANhI2ca7kqDW.jpg,train,2,T10_196
T10_d09_206_b_2_jpg.rf.e476o6BJUKE1kZ5pnA0U.jpg,train,2,T10_206
T10_d09_211_a_2_jpg.rf.npZUkBEflHIC2Dhs8QQP.jpg,train,2,T10_211
T10_d09_236_b_2_jpg.rf.lM48pW3o0vV06TZeT3Ih.jpg,train,2,T10_236
T10_d09_252_b_2_jpg.rf.Z4e40ypSLsi6gasLAY9C.jpg,train,2,T10_252
T10_d09_276_b_2_jpg.rf.rXftbyDwvviTOIYqdoMn.jpg,train,2,T10_276
T10_d09_284_a_2_jpg.rf.qXpuL6cT7HeEYaTqz6IF.jpg,train,2,T10_284
T10_d09_295_b_2_jpg.rf.H45tVpVhPxOoPHdq5kks.jpg,train,2,T10_295
T10_d09_326_b_2_jpg.rf.yvCAejVLk4WUY3wog9fr.jpg,train,2,T10_326
T10_d09_337_b_2_jpg.rf.YohjPB4qjuKK7N9R1Wo5.jpg,train,2,T10_337
T10_d09_376_a_2_jpg.rf.gpbIzL4pNvjYATraead2.jpg,train,2,T10_376
T10_d09_408_b_2_jpg.rf.hciVwAFpobEPUejKpE4h.jpg,train,2,T10_408
T10_d09_410_b_2_jpg.rf.Ubf0qOg3yEA9HASNT8Li.jpg,train,2,T10_410
T10_d09_414_b_2_jpg.rf.7xQr8l9hv4TU2P5MacFJ.jpg,train,2,T10_414
T10_d09_415_b_2_jpg.rf.l7USz2gUZ5M2KSVJKTxH.jpg,train,2,T10_415
T10_d09_425_b_2_jpg.rf.8RFi8Ivv310KP3t586O5.jpg,train,2,T10_425
T10_d09_442_a_2_jpg.rf.IRJ9crsqt7QWrBWiEVWJ.jpg,train,2,T10_442
T10_d09_445_a_2_jpg.rf.mqsV89bgrsTMtmCWCpvG.jpg,train,2,T10_445
T10_d09_446_a_2_jpg.rf.iwxQfPh2S42wwnuJzzUH.jpg,train,2,T10_446
T10_d09_458_a_2_jpg.rf.VB4svmmlUaE665HKofv0.jpg,train,2,T10_458
T10_d10_013_a_2_jpg.rf.1AqEmKr0sH2pmNAzu0u7.jpg,train,2,T10_013
T10_d10_021_b_2_jpg.rf.r92WPCh1Qv866mggKIfs.jpg,train,2,T10_021
T10_d10_133_a_2_jpg.rf.TfToWOU7i2eDcTfsCiDl.jpg,train,2,T10_133
T10_d10_172_a_2_jpg.rf.s6Y1Ni8OoO8opQsHZ0kc.jpg,train,2,T10_172
T10_d10_206_a_2_jpg.rf.QpJRdlXA5532se7Ruc0n.jpg,train,2,T10_206
T10_d10_236_a_2_jpg.rf.CLxQNLpAIeha6GktPAwi.jpg,train,2,T10_236
T10_d10_243_a_2_jpg.rf.cU26yQJzdUz4GCIxjplp.jpg,train,2,T10_243
T10_d10_252_a_2_jpg.rf.c0d7uPCY0UDz2Nja5nkW.jpg,train,2,T10_252
T10_d10_262_a_2_jpg.rf.As96Al0qVIU84EhZYYzF.jpg,train,2,T10_262
T10_d10_338_b_2_jpg.rf.e3lK6jYL4pxXnjo7STxx.jpg,train,2,T10_338
T10_d10_372_a_2_jpg.rf.TljNDppSkdHWfgnUKVuD.jpg,train,2,T10_372
T10_d10_387_b_2_jpg.rf.25xtA939uVJFlQzf38tM.jpg,train,2,T10_387
T10_d10_400_a_2_jpg.rf.fvMdKfHPqICXCH8elKvM.jpg,train,2,T10_400
T10_d10_475_b_2_jpg.rf.svJKhRL9qc49Udnv9NIO.jpg,train,2,T10_475
T10_d11_047_b_2_jpg.rf.1xfTLKNUlA2b68rHkMUS.jpg,train,2,T10_047
T10_d11_067_b_2_jpg.rf.S2qDZ6qguL4mwgCUdaDT.jpg,train,2,T10_067
T10_d11_166_b_2_jpg.rf.MSepAtJWTjtvIpaNtjgk.jpg,train,2,T10_166
T10_d11_236_a_2_jpg.rf.uvPJeJmXI52FfaOkSFb8.jpg,train,2,T10_236
T10_d11_252_b_2_jpg.rf.j1nvSrXVF8r5U8uqivKb.jpg,train,2,T10_252
T10_d11_420_b_2_jpg.rf.KuwNTmSEdnwmz6sY95ro.jpg,train,2,T10_420
T10_d12_096_a_2_jpg.rf.PgbqzGZRkiJXOmozVv3R.jpg,train,2,T10_096
T10_d12_097_a_2_jpg.rf.H7KtrdDNORZlZby7JyeL.jpg,train,2,T10_097
T10_d12_128_a_2_jpg.rf.BplKbnC3Nyx6kwjB80uK.jpg,train,2,T10_128
T10_d12_145_a_2_jpg.rf.RAXZvhV5Mb9Tes8nrXtE.jpg,train,2,T10_145
T10_d12_330_a_2_jpg.rf.rhXYakWM9gbkfHX7O4nS.jpg,train,2,T10_330
T10_d12_400_b_2_jpg.rf.J4vepPWQHjbn3dhzpdJA.jpg,train,2,T10_400
T10_d12_425_a_2_jpg.rf.BYbd1Q1oGxSbbUzQtQ6i.jpg,train,2,T10_425
T10_d12_442_b_2_jpg.rf.FNTpqed0XC2YsxEaC7vB.jpg,train,2,T10_442
T10_d13_096_b_2_jpg.rf.ymnxQqeHG1CoLXWqUnaU.jpg,train,2,T10_096
T10_d13_145_b_2_jpg.rf.AiqgTAo2dyWDunWY0Bd8.jpg,train,2,T10_145
T10_d13_236_a_2_jpg.rf.xoJhCgaj4QhgPPlmu1Af.jpg,train,2,T10_236
T10_d13_400_b_2_jpg.rf.iSfHxbpH8UXYHN1nDhCJ.jpg,train,2,T10_400
T10_d16_096_b_2_jpg.rf.FQTMqgaS0z9O6DdGr9ga.jpg,train,2,T10_096
T20_d02_042_b_2_jpg.rf.r4TFpAM4zNWYsm2j46X9.jpg,train,2,T20_042
T20_d02_084_a_2_jpg.rf.fTKTFAOSgl2a82icrLQd.jpg,train,2,T20_084
T20_d02_095_a_2_jpg.rf.35ZFkFCHQFQCjMNX53ee.jpg,train,2,T20_095
T20_d02_132_a_2_jpg.rf.DbPF8au6Z04ITqAwh41O.jpg,train,2,T20_132
T20_d02_132_b_2_jpg.rf.jBnqs2hLGI8eKG0gC9xK.jpg,train,2,T20_132
T20_d02_174_a_2_jpg.rf.6iLoJYXRrgaIwo7sWZGN.jpg,train,2,T20_174
T20_d02_226_b_2_jpg.rf.WkNJb5nuAasebcR3TfWj.jpg,train,2,T20_226
T20_d02_386_b_2_jpg.rf.KxL89D5qvK89qxYXkogw.jpg,train,2,T20_386
T20_d02_426_a_2_jpg.rf.y3hthcGMrUgOWs1BfTvU.jpg,train,2,T20_426
T20_d02_426_b_2_jpg.rf.PDtjUJhvoUmNUWhb55gd.jpg,train,2,T20_426
T20_d03_071_b_2_jpg.rf.fdEgGfwlDEinlWXXkuQv.jpg,train,2,T20_071
T20_d03_090_a_2_jpg.rf.3JPU6XHL78DrocbiZb9L.jpg,train,2,T20_090
T20_d03_137_a_2_jpg.rf.SUepXiA8JtD0kGthR92L.jpg,train,2,T20_137
T20_d03_137_b_2_jpg.rf.w5qx35cXFgCRAe7JvEo7.jpg,train,2,T20_137
T20_d03_255_a_2_jpg.rf.bYZfOGt2Vk1B9qTQ0cIO.jpg,train,2,T20_255
T20_d03_256_b_2_jpg.rf.7CXd7oUaOoBlTpB86YjP.jpg,train,2,T20_256
T20_d03_265_a_2_jpg.rf.htehLm9gXSzC0g8QlNNC.jpg,train,2,T20_265
T20_d03_272_a_2_jpg.rf.PUVYhGTysXRf0Ip94Ppe.jpg,train,2,T20_272
T20_d03_316_a_2_jpg.rf.4ChTiWqyJNuTHfltNzIr.jpg,train,2,T20_316
T20_d03_332_b_2_jpg.rf.Q7qdHGZJgXWcWgxmdJy0.jpg,train,2,T20_332
T20_d03_477_b_2_jpg.rf.jFUULlo5h0QDg3B9vDhw.jpg,train,2,T20_477
T20_d04_032_b_2_jpg.rf.s9upsYIhqQ6r8kahlHPq.jpg,train,2,T20_032
T20_d04_150_a_2_jpg.rf.uEocpNneph6na2lzmrJ2.jpg,train,2,T20_150
T20_d04_155_b_2_jpg.rf.sdmnyBjU735Hzs9RRyW2.jpg,train,2,T20_155
T20_d04_174_b_2_jpg.rf.CnOPhOnYwePCLsBMmB2U.jpg,train,2,T20_174
T20_d04_244_a_2_jpg.rf.dzdCVepHFwcn3b8iIASz.jpg,train,2,T20_244
T20_d04_256_a_2_jpg.rf.6ZuykGTgDCw6TwNVgN2K.jpg,train,2,T20_256
T20_d04_322_b_2_jpg.rf.vlj5MruVvQIZLqQWleUG.jpg,train,2,T20_322
T20_d04_438_a_2_jpg.rf.zS0YMIYybJXAb7Zcq8Ez.jpg,train,2,T20_438
T20_d04_439_a_2_jpg.rf.ps2TkYdz0GXwXG56sHd5.jpg,train,2,T20_439
T20_d05_384_a_2_jpg.rf.zzQYsH4KYzHzL5iH1Sda.jpg,train,2,T20_384
T20_d05_391_a_2_jpg.rf.jcU6Nk8JULnYwprPcOSu.jpg,train,2,T20_391
T20_d06_268_a_2_jpg.rf.rJzPxTBzz0H5oNGm4M2X.jpg,train,2,T20_268
T20_d06_272_a_2_jpg.rf.8ntIeigBi1LeVe6B19pI.jpg,train,2,T20_272
T20_d06_423_b_2_jpg.rf.tpHdzjCuFaMmoAItKNyP.jpg,train,2,T20_423
T20_d06_463_a_2_jpg.rf.LevESZmoZBP1WGxiN05k.jpg,train,2,T20_463
T20_d06_463_b_2_jpg.rf.OOdedVi3Qf3BGAEEILCO.jpg,train,2,T20_463
Tam_d02_028_b_2_jpg.rf.1pt5nRgtn6aXfXu0c2xb.jpg,train,2,Tam_028
Tam_d02_053_b_2_jpg.rf.rzTdE76YCXD5Zsvok71G.jpg,train,2,Tam_053
Tam_d02_142_a_2_jpg.rf.zvSxRs3dCNWaNv60C5Om.jpg,train,2,Tam_142
Tam_d02_251_b_2_jpg.rf.OLmwosTTQQjja3DL9qbc.jpg,train,2,Tam_251
Tam_d02_278_b_2_jpg.rf.2uQcndPsnH4H9Hn1RJO4.jpg,train,2,Tam_278
Tam_d02_303_a_2_jpg.rf.oUXqcgp3SbaFNGEB12v7.jpg,train,2,Tam_303
Tam_d02_323_a_2_jpg.rf.tew6x61T5fN8panOtobE.jpg,train,2,Tam_323
Tam_d02_329_b_2_jpg.rf.NmAt8xywv8oyoQ9T9127.jpg,train,2,Tam_329
Tam_d02_343_b_2_jpg.rf.KgeqaW1B83rWCa5FufkU.jpg,train,2,Tam_343
Tam_d02_356_b_2_jpg.rf.TQmQbthdaMRXHBJpNokj.jpg,train,2,Tam_356
Tam_d02_380_a_2_jpg.rf.EO7iPVGoAQjz2q72VRyq.jpg,train,2,Tam_380
Tam_d02_441_a_2_jpg.rf.nGNl3DewfrnrbXPcTKYB.jpg,train,2,Tam_441
Tam_d02_457_b_2_jpg.rf.HzdApeXD3N71D7QG6Dnr.jpg,train,2,Tam_457
Tam_d03_051_a_2_jpg.rf.7xDRUT1e4sgI60MvC8mW.jpg,train,2,Tam_051
Tam_d03_119_a_2_jpg.rf.shGrZhSDnMjeSUvNp7Yt.jpg,train,2,Tam_119
Tam_d03_119_b_2_jpg.rf.JGXig666toXK3z1lGytw.jpg,train,2,Tam_119
Tam_d03_124_a_2_jpg.rf.1h9nRE8plQi7ndsJR6jC.jpg,train,2,Tam_124
Tam_d03_241_b_2_jpg.rf.IrfMrDyDKRtNSDR883zE.jpg,train,2,Tam_241
Tam_d03_247_b_2_jpg.rf.j1fmVQobBoa3ZEGiYlw0.jpg,train,2,Tam_247
Tam_d03_278_b_2_jpg.rf.ovIVpygEjtCbg9eQqrBr.jpg,train,2,Tam_278
Tam_d03_308_b_2_jpg.rf.F5aJ6CDYWkcRkvJjUJNO.jpg,train,2,Tam_308
Tam_d03_312_b_2_jpg.rf.EGQ1bsilQ6qA1PgIndus.jpg,train,2,Tam_312
Tam_d03_356_a_2_jpg.rf.l3dOW6kTaktE5xSByUej.jpg,train,2,Tam_356
Tam_d03_380_b_2_jpg.rf.9qdVJ1bNQi1JCifCOYyb.jpg,train,2,Tam_380
Tam_d04_105_a_2_jpg.rf.wyK00dgfAXZMLfT4P6kI.jpg,train,2,Tam_105
Tam_d04_124_a_2_jpg.rf.YPdk1mxqsQwY0lsXuGNS.jpg,train,2,Tam_124
Tam_d04_147_b_2_jpg.rf.bdBowWxqipwXK9cSrfMK.jpg,train,2,Tam_147
Tam_d04_154_a_2_jpg.rf.zzACW2vAHyOEFoZ20tDd.jpg,train,2,Tam_154
Tam_d04_195_b_2_jpg.rf.wIUxiV31fE9qFJbiJcAD.jpg,train,2,Tam_195
Tam_d04_247_a_2_jpg.rf.Ofmrmn6jsCYrnXW93Opr.jpg,train,2,Tam_247
Tam_d04_280_a_2_jpg.rf.y21V4jJpssvbNx8lkyy0.jpg,train,2,Tam_280
Tam_d04_299_a_2_jpg.rf.qjIBKGHGN2mjmdXdgbqH.jpg,train,2,Tam_299
Tam_d04_312_b_2_jpg.rf.BElYscGf3NM3NBx3uSNv.jpg,train,2,Tam_312
Tam_d04_404_a_2_jpg.rf.B9iGFHzkvZSKoJ915nH5.jpg,train,2,Tam_404
Tam_d04_404_b_2_jpg.rf.oSNCQUUoiH1ehtgJKqD2.jpg,train,2,Tam_404
Tam_d04_419_b_2_jpg.rf.eaGO2A0YMo8icp9fUDER.jpg,train,2,Tam_419
Tam_d05_124_b_2_jpg.rf.IuS5OJPe7oonr5OKW8vn.jpg,train,2,Tam_124
Tam_d05_171_b_2_jpg.rf.WuUmO8CM4owxYqWrefPh.jpg,train,2,Tam_171
Tam_d05_318_a_2_jpg.rf.fz7iVYl3jPdLWNi1csYE.jpg,train,2,Tam_318
Tam_d05_419_a_2_jpg.rf.8C1HH23lZAlhCx3yMzbn.jpg,train,2,Tam_419
Tam_d05_434_b_2_jpg.rf.DnKWeBtsyucdKVppC9Hb.jpg,train,2,Tam_434
Tam_d06_312_a_2_jpg.rf.c3Idkz7PblgH4xBh9Rf6.jpg,train,2,Tam_312
Tam_d06_342_a_2_jpg.rf.gz5aHieulBbjtEMA16pq.jpg,train,2,Tam_342
Tam_d06_342_b_2_jpg.rf.KQ2G6Shp5TkNMK2zzO6Y.jpg,train,2,Tam_342
T10_d09_202_b_3_jpg.rf.yMFfUBsOxLdHcjUxghys.jpg,train,3,T10_202
T10_d10_003_a_3_jpg.rf.Rek8YFuJy9DK082pWIyQ.jpg,train,3,T10_003
T10_d10_093_a_3_jpg.rf.Wlebmef0t0u1k1DMhC7Z.jpg,train,3,T10_093
T10_d10_221_a_3_jpg.rf.LWOrwE6MHMroFeDobSz5.jpg,train,3,T10_221
T10_d10_266_a_3_jpg.rf.LG3OyXSsgOg3yrD59Gav.jpg,train,3,T10_266
T10_d10_282_b_3_jpg.rf.vrCGzGsiBUN2pyG497Jq.jpg,train,3,T10_282
T10_d10_336_b_3_jpg.rf.WPTlTpkco7rHO6PnrCCZ.jpg,train,3,T10_336
T10_d10_376_a_3_jpg.rf.nnbaGegBDwC33IvJdQaT.jpg,train,3,T10_376
T10_d10_446_a_3_jpg.rf.XxnErCgFXpsyIMDoE9WP.jpg,train,3,T10_446
T10_d10_458_b_3_jpg.rf.gY6fVRN6xDhksuE7XUGS.jpg,train,3,T10_458
T10_d10_470_b_3_jpg.rf.66AYqpBnnUxAy0k0Uf5C.jpg,train,3,T10_470
T10_d11_003_b_3_jpg.rf.otISRDS8YKteJCjL5MoR.jpg,train,3,T10_003
T10_d11_007_a_3_jpg.rf.JTx9QsoIVhwB948J7x36.jpg,train,3,T10_007
T10_d11_027_b_3_jpg.rf.iWQD3Z6YLGueXkgsd7bb.jpg,train,3,T10_027
T10_d11_069_b_3_jpg.rf.PzXD6S2PD4rF1inpu3yK.jpg,train,3,T10_069
T10_d11_098_b_3_jpg.rf.hCGrHxHFhobSALcJgLD8.jpg,train,3,T10_098
T10_d11_122_a_3_jpg.rf.ySTGBgv1TAQ1BU1DxwTD.jpg,train,3,T10_122
T10_d11_129_b_3_jpg.rf.9WGkLxHkKeGm8plnS7si.jpg,train,3,T10_129
T10_d11_130_a_3_jpg.rf.KIVsLVuruSCipj9gCpOB.jpg,train,3,T10_130
T10_d11_130_b_3_jpg.rf.yun4C4ZAHQf93Um7YTBO.jpg,train,3,T10_130
T10_d11_138_a_3_jpg.rf.gKvQq9C9KOgOWfYvljff.jpg,train,3,T10_138
T10_d11_138_b_3_jpg.rf.CfFE6WCLuQxjLOyEX6u8.jpg,train,3,T10_138
T10_d11_165_a_3_jpg.rf.RGhLQlNe3Q3eIDSONn14.jpg,train,3,T10_165
T10_d11_194_a_3_jpg.rf.caBNWEQnWr1Vhq6qTUiZ.jpg,train,3,T10_194
T10_d11_233_a_3_jpg.rf.fzuMfhvGTwEOu1OsLVwQ.jpg,train,3,T10_233
T10_d11_234_b_3_jpg.rf.PGNSO2A07WyXhKDy0qzN.jpg,train,3,T10_234
T10_d11_269_b_3_jpg.rf.1elryWKN4CUd27oQqTD5.jpg,train,3,T10_269
T10_d11_296_a_3_jpg.rf.AdQ81i5HYcENIWfquGu1.jpg,train,3,T10_296
T10_d11_355_b_3_jpg.rf.e3mJSuJYH5bDdg13WaXt.jpg,train,3,T10_355
T10_d11_414_b_3_jpg.rf.1DQHGPsOVklNLfFaJHvb.jpg,train,3,T10_414
T10_d11_415_b_3_jpg.rf.OtI9J8U1Xrr6dImaaiiP.jpg,train,3,T10_415
T10_d11_422_b_3_jpg.rf.rmfDDG8XRBiBRbAxbaCh.jpg,train,3,T10_422
T10_d11_429_b_3_jpg.rf.d1Md2gCj8kWSTDqaeOMU.jpg,train,3,T10_429
T10_d12_011_a_3_jpg.rf.OcqL1Oj8jKCQAtZ3X7UA.jpg,train,3,T10_011
T10_d12_027_a_3_jpg.rf.e8tW3wVIBsg7hL8Wf9Gf.jpg,train,3,T10_027
T10_d12_034_b_3_jpg.rf.zMpxjhST8UFEQjQpdjxL.jpg,train,3,T10_034
T10_d12_083_a_3_jpg.rf.QUK5DVVnPJL2dKl8MHxQ.jpg,train,3,T10_083
T10_d12_108_a_3_jpg.rf.azPwpf0Xj4DzLS5r2bPh.jpg,train,3,T10_108
T10_d12_129_b_3_jpg.rf.BxYdQw9SLMV6ywyPqSMn.jpg,train,3,T10_129
T10_d12_130_b_3_jpg.rf.sVx3nUrfMq8i4839lGm5.jpg,train,3,T10_130
T10_d12_213_b_3_jpg.rf.HtO9fD6nG0bOpuH2pRxH.jpg,train,3,T10_213
T10_d12_245_b_3_jpg.rf.FLSAlAXatVFEEle1Jaft.jpg,train,3,T10_245
T10_d12_250_a_3_jpg.rf.SL6RghJt18WS2klvD9r7.jpg,train,3,T10_250
T10_d12_266_a_3_jpg.rf.PVcSBS8YfF6PnRx0fKZg.jpg,train,3,T10_266
T10_d12_276_b_3_jpg.rf.JXilgIVzyXbnAWANYYN1.jpg,train,3,T10_276
T10_d12_382_b_3_jpg.rf.tDkZKgMkZ80h5o2EOpOW.jpg,train,3,T10_382
T10_d12_415_b_3_jpg.rf.WdleEcRvNQHU9pecCDBM.jpg,train,3,T10_415
T10_d12_429_a_3_jpg.rf.E2Vfp00FD1QNQLwJctPu.jpg,train,3,T10_429
T10_d12_458_b_3_jpg.rf.tw7WW3PdFx6zzilm7QUd.jpg,train,3,T10_458
T10_d12_459_a_3_jpg.rf.anYbtuJs2HBurFh8fRgL.jpg,train,3,T10_459
T10_d13_007_b_3_jpg.rf.Bzv3EHL5EVmE0GxO2SYe.jpg,train,3,T10_007
T10_d13_013_b_3_jpg.rf.Vo0onl46V5ltaLFkxF02.jpg,train,3,T10_013
T10_d13_125_b_3_jpg.rf.jAW7miTOMyBRw3JHMegV.jpg,train,3,T10_125
T10_d13_131_a_3_jpg.rf.IVCVI3RlTHhAP9WHTb6E.jpg,train,3,T10_131
T10_d13_138_a_3_jpg.rf.gZ10RfuBlwDfH8TFMF1a.jpg,train,3,T10_138
T10_d13_149_b_3_jpg.rf.AlPoBLGETxTu5gquIRkP.jpg,train,3,T10_149
T10_d13_166_b_3_jpg.rf.IvEa5cdxERG8KNrOucge.jpg,train,3,T10_166
T10_d13_167_b_3_jpg.rf.r12POrZvrh1NJnGkeWyO.jpg,train,3,T10_167
T10_d13_193_a_3_jpg.rf.phn3T82RsS3M4FGE3RWS.jpg,train,3,T10_193
T10_d13_327_b_3_jpg.rf.8WlfSsEHWUOzaNH0Xmhp.jpg,train,3,T10_327
T10_d13_355_b_3_jpg.rf.Fmd8ll8gFucjYOwYgvRH.jpg,train,3,T10_355
T10_d13_366_a_3_jpg.rf.wYzzSX1huyWQj18WOwA6.jpg,train,3,T10_366
T10_d13_372_b_3_jpg.rf.v7Zen2NMkCNuxyuLkLrx.jpg,train,3,T10_372
T10_d13_405_b_3_jpg.rf.f26mAMScjvnFMN1NfP8j.jpg,train,3,T10_405
T10_d13_410_a_3_jpg.rf.0WQBckUOUDu8fYPIgXE5.jpg,train,3,T10_410
T10_d13_415_b_3_jpg.rf.99zmixHO7Mx26j1V6ZO3.jpg,train,3,T10_415
T10_d13_454_b_3_jpg.rf.TQZsjGcoz7Ve16N556IC.jpg,train,3,T10_454
T10_d14_013_a_3_jpg.rf.VMyHYxu6dd2R9By3lNxW.jpg,train,3,T10_013
T10_d14_055_a_3_jpg.rf.KX21Pts4F0ruygubv4X7.jpg,train,3,T10_055
T10_d14_067_a_3_jpg.rf.to5f1vmuunYhTDze0Ui3.jpg,train,3,T10_067
T10_d14_067_b_3_jpg.rf.E0f1AGaavFchmO3TDJQK.jpg,train,3,T10_067
T10_d14_099_b_3_jpg.rf.4B7pPriN2cq4Fzt19D4D.jpg,train,3,T10_099
T10_d14_129_b_3_jpg.rf.cEqMiEt0y8X6KgQpTzQ3.jpg,train,3,T10_129
T10_d14_130_b_3_jpg.rf.6tCdufy90hrXX38eg0NX.jpg,train,3,T10_130
T10_d14_133_a_3_jpg.rf.d4f2W1nLnqK00IfnKFLW.jpg,train,3,T10_133
T10_d14_138_b_3_jpg.rf.mMYTYlGgGd8S0wZdUf5Z.jpg,train,3,T10_138
T10_d14_149_a_3_jpg.rf.OUuaFldk9j60m9MP03C3.jpg,train,3,T10_149
T10_d14_196_b_3_jpg.rf.BaXiH7qYycG4brWMdGYU.jpg,train,3,T10_196
T10_d14_211_b_3_jpg.rf.JFyNuMC7ZFhgQkpJ6UYa.jpg,train,3,T10_211
T10_d14_229_b_3_jpg.rf.jfrd0Dy43wdBm2XY1HPy.jpg,train,3,T10_229
T10_d14_237_b_3_jpg.rf.dyndAWDjl7tqW1UYiksC.jpg,train,3,T10_237
T10_d14_333_a_3_jpg.rf.a4TlMXNtCOh40JaeIc8I.jpg,train,3,T10_333
T10_d14_333_b_3_jpg.rf.VlHbqclp7BQsd27TYizE.jpg,train,3,T10_333
T10_d14_338_a_3_jpg.rf.tpG4N4yZUerWXpKasdEO.jpg,train,3,T10_338
T10_d14_357_b_3_jpg.rf.cb2gUw2Rc3nBYEnD6I5E.jpg,train,3,T10_357
T10_d14_366_b_3_jpg.rf.AxEKIV3vw8B1okWrAthn.jpg,train,3,T10_366
T10_d14_381_a_3_jpg.rf.ePfMNGAKDTenwbucbW7I.jpg,train,3,T10_381
T10_d14_381_b_3_jpg.rf.CsMNWTLxInEKVxxhBu1R.jpg,train,3,T10_381
T10_d14_414_a_3_jpg.rf.EYSDbIaMtTY6bCrIxeBN.jpg,train,3,T10_414
T10_d14_445_b_3_jpg.rf.JxZM5gqgECRE6WzWVtDL.jpg,train,3,T10_445
T10_d15_007_a_3_jpg.rf.3GJS9X92Tsjcl0DBsV2e.jpg,train,3,T10_007
T10_d15_048_b_3_jpg.rf.5Xf5bmnahWl0TFF14Gak.jpg,train,3,T10_048
T10_d15_152_b_3_jpg.rf.qnhIvsgsSLe866KuOQt7.jpg,train,3,T10_152
T10_d15_156_b_3_jpg.rf.wWEVX1FZmbawK6LUSFZG.jpg,train,3,T10_156
T10_d15_166_a_3_jpg.rf.U1qok6J8Iqe3NteSbbm0.jpg,train,3,T10_166
T10_d15_206_a_3_jpg.rf.9uWKwa52jytGmcCdCKqc.jpg,train,3,T10_206
T10_d15_262_a_3_jpg.rf.ipLH9vh9WcM4sqEhLLdT.jpg,train,3,T10_262
T10_d15_414_b_3_jpg.rf.BGy4Bup10EV5OEGQHm7O.jpg,train,3,T10_414
T10_d15_425_b_3_jpg.rf.fejfHM9BQ8lF3h2NtI4q.jpg,train,3,T10_425
T10_d16_013_b_3_jpg.rf.w5I8JcHdoPbLn8Q6o2MY.jpg,train,3,T10_013
T10_d16_055_a_3_jpg.rf.vt1nikXIRjJzW9sGSrJO.jpg,train,3,T10_055
T10_d16_122_a_3_jpg.rf.GYUEE0UiGADjmaLlC7HH.jpg,train,3,T10_122
T10_d16_129_a_3_jpg.rf.gBcjElCy9kePnXQZglQu.jpg,train,3,T10_129
T10_d16_138_a_3_jpg.rf.ET9jSoA3Igp4uluwazV6.jpg,train,3,T10_138
T10_d16_233_b_3_jpg.rf.gv5lUXPsBnmLxIjwgbLw.jpg,train,3,T10_233
T10_d16_237_a_3_jpg.rf.9gPhH9OeQR5X76UTlvfv.jpg,train,3,T10_237
T10_d16_276_a_3_jpg.rf.sTh9VmZLmgD33KecGHe6.jpg,train,3,T10_276
T10_d16_351_b_3_jpg.rf.g6UfuO7ucIJNYT6i8Y1d.jpg,train,3,T10_351
T10_d16_405_a_3_jpg.rf.u01kelAGqcgRCq2Bub8F.jpg,train,3,T10_405
T10_d16_429_a_3_jpg.rf.R2oOgxjRleaeLA8RhsAY.jpg,train,3,T10_429
T10_d16_449_b_3_jpg.rf.A0O2GTEDEHzGng3KG5H2.jpg,train,3,T10_449
T10_d17_047_a_3_jpg.rf.0n1jGKxP7seNW9OyWr4Z.jpg,train,3,T10_047
T10_d17_067_b_3_jpg.rf.wd9vJwPWZpz82ne7tXDt.jpg,train,3,T10_067
T10_d17_125_b_3_jpg.rf.2E74AbKaKPk2Py0GYS6q.jpg,train,3,T10_125
T10_d17_128_a_3_jpg.rf.akyRlbhKmIEmTU2WiuEr.jpg,train,3,T10_128
T10_d17_149_b_3_jpg.rf.S7gWwrSj33ZjuE3rO4TF.jpg,train,3,T10_149
T10_d17_204_a_3_jpg.rf.iNctQzbwk3L1OOMPKYuZ.jpg,train,3,T10_204
T10_d17_295_a_3_jpg.rf.fOuqaECo4lpzBDXK0325.jpg,train,3,T10_295
T10_d17_306_a_3_jpg.rf.4Ewv0YTrN2I0QTDdY8uO.jpg,train,3,T10_306
T10_d17_315_a_3_jpg.rf.MX55PDaQhdQZAx39vQ6P.jpg,train,3,T10_315
T10_d17_414_a_3_jpg.rf.PCDv1lO8ZyOSvbNXua28.jpg,train,3,T10_414
T10_d17_449_b_3_jpg.rf.TuNVmv3289TRgdTihwzu.jpg,train,3,T10_449
T10_d18_152_a_3_jpg.rf.JappQUlUpHv1yJNkYn8o.jpg,train,3,T10_152
T10_d19_047_b_3_jpg.rf.bhIlIcihwR9s6blwfZFH.jpg,train,3,T10_047
T20_d04_107_b_3_jpg.rf.XkinjVChIZBWVkNuQAEa.jpg,train,3,T20_107
T20_d04_132_b_3_jpg.rf.tXjV1Ay3a0bHg9uLHdzX.jpg,train,3,T20_132
T20_d04_170_a_3_jpg.rf.1yIqAPtg9JUMK2Ze6XBC.jpg,train,3,T20_170
T20_d04_258_b_3_jpg.rf.qGX3BwzEWqrSuLlmwCnd.jpg,train,3,T20_258
T20_d04_346_a_3_jpg.rf.W858MbqBa3Kp8OuGFZhY.jpg,train,3,T20_346
T20_d04_346_b_3_jpg.rf.PNyoa9DjC1srofzQhuQK.jpg,train,3,T20_346
T20_d04_431_b_3_jpg.rf.yXhrNpSmm8CK6hnYByDU.jpg,train,3,T20_431
T20_d04_435_b_3_jpg.rf.BUklWbMe5YO1vqf7yIKl.jpg,train,3,T20_435
T20_d05_008_a_3_jpg.rf.XiqwucC3xg2w4eJzRwkR.jpg,train,3,T20_008
T20_d05_032_a_3_jpg.rf.UDMa074H2atMJ5NNKlaU.jpg,train,3,T20_032
T20_d05_183_b_3_jpg.rf.oYToO8XmWhOiN1xTq5yW.jpg,train,3,T20_183
T20_d05_188_a_3_jpg.rf.XPCEHc7S5EJ2H31O1rIX.jpg,train,3,T20_188
T20_d05_255_b_3_jpg.rf.bltaBjvXz35Kj5xUODmj.jpg,train,3,T20_255
T20_d05_300_b_3_jpg.rf.26OvoZB6SZqVubCvLjcX.jpg,train,3,T20_300
T20_d05_324_a_3_jpg.rf.TAxGF0DZezlnLKfMjHOY.jpg,train,3,T20_324
T20_d06_076_a_3_jpg.rf.2ZBhGelCkkxXZVrlbQOt.jpg,train,3,T20_076
T20_d06_155_b_3_jpg.rf.SUYAnrLIFxpi4ZOyHL2D.jpg,train,3,T20_155
T20_d06_346_a_3_jpg.rf.OEww55a4HYrpZQth3J5x.jpg,train,3,T20_346
T20_d06_347_a_3_jpg.rf.sPuJzbaIjcTEB1Icfo8D.jpg,train,3,T20_347
T20_d06_389_a_3_jpg.rf.zuk6RnKulD61R8EWLLw1.jpg,train,3,T20_389
T20_d07_222_a_3_jpg.rf.LUTjgFwaJ1CuP5cKSM0U.jpg,train,3,T20_222
T20_d07_259_b_3_jpg.rf.UdOlFMpt2JvY1ZDeC5HJ.jpg,train,3,T20_259
T20_d07_438_a_3_jpg.rf.I6W7NJgTMzjFTMGf3hox.jpg,train,3,T20_438
Tam_d03_216_b_3_jpg.rf.0MrZ2D6L2e17fsaz0vxb.jpg,train,3,Tam_216
Tam_d04_039_a_3_jpg.rf.q67CpkwBJcxFItITamMD.jpg,train,3,Tam_039
Tam_d04_160_b_3_jpg.rf.Gs5GVwwKhDpeOTS4basb.jpg,train,3,Tam_160
Tam_d04_189_b_3_jpg.rf.30d6vrWlX8Lcv2pkajG2.jpg,train,3,Tam_189
Tam_d04_198_a_3_jpg.rf.vJzCrEcRGFpMo9ykEZMN.jpg,train,3,Tam_198
Tam_d04_303_b_3_jpg.rf.FFk3kdjuCX4HyqNGvp4p.jpg,train,3,Tam_303
Tam_d04_323_b_3_jpg.rf.DM80pQf6T7xs39GD1BGM.jpg,train,3,Tam_323
Tam_d04_343_a_3_jpg.rf.gQeWNPleVJrf6YnZdb0D.jpg,train,3,Tam_343
Tam_d04_356_b_3_jpg.rf.1C5jjnu8vQXKUiTb9DJm.jpg,train,3,Tam_356
Tam_d04_427_a_3_jpg.rf.5z9rQf2MtwcNIhZ2ZT3p.jpg,train,3,Tam_427
Tam_d04_436_b_3_jpg.rf.V3gkEmDuA8T0GWR7PRvA.jpg,train,3,Tam_436
Tam_d04_441_a_3_jpg.rf.fQacsmdURK38M9fNCK87.jpg,train,3,Tam_441
Tam_d05_028_a_3_jpg.rf.hjKCJMyu4mLgRyVUfFmy.jpg,train,3,Tam_028
Tam_d05_142_a_3_jpg.rf.FCGBZaZYf9fY3ugBMsro.jpg,train,3,Tam_142
Tam_d05_154_b_3_jpg.rf.gB0LqiqPx9aP1ZAwlPK6.jpg,train,3,Tam_154
Tam_d05_195_b_3_jpg.rf.f9P7mBsDj9D1tAKK0BqP.jpg,train,3,Tam_195
Tam_d05_319_a_3_jpg.rf.DnKDqBqia39opZnP5Y9e.jpg,train,3,Tam_319
Tam_d05_343_a_3_jpg.rf.N7bGlDxRcEPTiFmm2tYQ.jpg,train,3,Tam_343
Tam_d06_169_b_3_jpg.rf.bvresjeRcRWuUxzTQ4Po.jpg,train,3,Tam_169
Tam_d06_270_a_3_jpg.rf.odFOlPN5QgWMfPpzT4yp.jpg,train,3,Tam_270
Tam_d06_273_a_3_jpg.rf.aezMepMVb2pH1hxBylB1.jpg,train,3,Tam_273
Tam_d06_285_a_3_jpg.rf.ND24gVwbMGv8hmXflpMz.jpg,train,3,Tam_285
Tam_d06_348_b_3_jpg.rf.Nk4rrOrXHsP5AeMZx9eg.jpg,train,3,Tam_348
Tam_d06_404_a_3_jpg.rf.caPPrbnYIrslrvNDDnEY.jpg,train,3,Tam_404
Tam_d07_074_b_3_jpg.rf.voYUbkoZWJszSE3DTZaQ.jpg,train,3,Tam_074
Tam_d07_158_b_3_jpg.rf.3dAjJBgPIxwcK5rR1nP6.jpg,train,3,Tam_158
Tam_d07_195_b_3_jpg.rf.MjRnRtMXZvVhl3bMBz0H.jpg,train,3,Tam_195
Tam_d07_319_a_3_jpg.rf.ewnPaq6sUQimZExyNINt.jpg,train,3,Tam_319
T10_d05_227_b_4_jpg.rf.GZE9tFX1OWXcVqzBik7Y.jpg,train,4,T10_227
T10_d09_448_a_4_jpg.rf.7wwnv2L1sCTB2WHiehcV.jpg,train,4,T10_448
T10_d11_294_a_4_jpg.rf.bNrSPBjOghIdj3PGw1ei.jpg,train,4,T10_294
T10_d13_234_b_4_jpg.rf.JFotlbrpQIAaYuoIqXxz.jpg,train,4,T10_234
T10_d14_282_a_4_jpg.rf.zdzv16b2kwcyE9qUh7MZ.jpg,train,4,T10_282
T10_d14_422_a_4_jpg.rf.b7qgh6HRGz5EKRBUnP6C.jpg,train,4,T10_422
T10_d14_470_a_4_jpg.rf.QjPGiN7FPnR9YN1w8CHc.jpg,train,4,T10_470
T10_d15_022_a_4_jpg.rf.m4GGu1Hoas2f43aAtfe3.jpg,train,4,T10_022
T10_d15_026_b_4_jpg.rf.f4MywHFWVSKUu3kAIgWb.jpg,train,4,T10_026
T10_d15_245_a_4_jpg.rf.nj0M1t8kbKChRRIivmY7.jpg,train,4,T10_245
T10_d15_454_a_4_jpg.rf.DrG1yQD0xuUeepg91gnq.jpg,train,4,T10_454
T10_d15_470_a_4_jpg.rf.U1QMVFFdkNkhTfCvAAuS.jpg,train,4,T10_470
T10_d16_026_a_4_jpg.rf.wclIBovS5Ilw07eOMdET.jpg,train,4,T10_026
T10_d16_026_b_4_jpg.rf.0hQlgQV40y6IXdhyQx7T.jpg,train,4,T10_026
T10_d16_034_a_4_jpg.rf.X2WC7IqyOgOOCiJdtFAL.jpg,train,4,T10_034
T10_d16_061_a_4_jpg.rf.MsuyPgg4CYYDItsSeBfv.jpg,train,4,T10_061
T10_d16_202_a_4_jpg.rf.ikQuWj1UaDVaMJh8aJe7.jpg,train,4,T10_202
T10_d16_245_b_4_jpg.rf.80lYkkemNsvfFTymOPPU.jpg,train,4,T10_245
T10_d16_447_a_4_jpg.rf.lCR2mwyMTUyyprE0nCZy.jpg,train,4,T10_447
T10_d17_011_b_4_jpg.rf.QIzfwjil31jCtcLpwMHi.jpg,train,4,T10_011
T10_d17_027_b_4_jpg.rf.fekkdjPwFGmk4yEAAqLU.jpg,train,4,T10_027
T10_d17_061_a_4_jpg.rf.IE5nMA2fumxKjJBGMPXG.jpg,train,4,T10_061
T10_d17_094_a_4_jpg.rf.zNn5agpLtFRsvS6dZIbG.jpg,train,4,T10_094
T10_d17_133_a_4_jpg.rf.p5UOS2ZzjkGVflJO6KOa.jpg,train,4,T10_133
T10_d17_194_a_4_jpg.rf.tKxEduaOZ53QXYhDxMHi.jpg,train,4,T10_194
T10_d17_243_b_4_jpg.rf.GTG6UaJlHvNlnxftktOG.jpg,train,4,T10_243
T10_d17_250_b_4_jpg.rf.6f6wXSeD8HRN0sP6Xgh8.jpg,train,4,T10_250
T10_d17_350_b_4_jpg.rf.dVEq525ZtsLPJmpfE1Vt.jpg,train,4,T10_350
T10_d17_376_a_4_jpg.rf.8MycYGeJ8sp4EwJRKfAS.jpg,train,4,T10_376
T10_d17_382_a_4_jpg.rf.shvsJ226ozteSqmPpWrI.jpg,train,4,T10_382
T10_d17_400_a_4_jpg.rf.GqDJmSCU5T4ufK5maNui.jpg,train,4,T10_400
T10_d17_444_b_4_jpg.rf.F7Uyzi5o6yaKHFnbQ6iE.jpg,train,4,T10_444
T10_d18_097_a_4_jpg.rf.3USBGxApymzZxE9qmVLn.jpg,train,4,T10_097
T10_d18_110_a_4_jpg.rf.sINWKJmw8iraVdJCiZIa.jpg,train,4,T10_110
T10_d18_167_b_4_jpg.rf.mrcHj1Wv8gqWP30R8Lcs.jpg,train,4,T10_167
T10_d18_350_b_4_jpg.rf.0QNviN4Zr66AHcsc331v.jpg,train,4,T10_350
T10_d18_408_b_4_jpg.rf.UgFqi4XhdCJ1OKaw1Fcz.jpg,train,4,T10_408
T10_d18_415_a_4_jpg.rf.XKEVXA11ZWmsKfTAJVJa.jpg,train,4,T10_415
T10_d18_444_b_4_jpg.rf.ICTAHWP6ef7n8LfeHxPj.jpg,train,4,T10_444
T10_d18_470_a_4_jpg.rf.hBhxT5VvvSYLoW2zEYQy.jpg,train,4,T10_470
T10_d19_022_a_4_jpg.rf.YKsCYITW09enF3r1MW1v.jpg,train,4,T10_022
T10_d19_048_b_4_jpg.rf.PCOKVkKJMN2a2EjJgelr.jpg,train,4,T10_048
T10_d19_093_b_4_jpg.rf.wLYq8wD3tR65GfoZMWFD.jpg,train,4,T10_093
T10_d19_113_a_4_jpg.rf.GatbLfFROqMQfnMGzlJD.jpg,train,4,T10_113
T10_d19_138_b_4_jpg.rf.YMMKxJTmMNaADZgsc8pt.jpg,train,4,T10_138
T10_d19_194_b_4_jpg.rf.NAw5gOwfXaCLrrqjWcIc.jpg,train,4,T10_194
T10_d19_217_b_4_jpg.rf.4SZI24zYD2URKZ5VOaD6.jpg,train,4,T10_217
T10_d19_243_b_4_jpg.rf.ldb9Ohy4ayiGKZXbSHA4.jpg,train,4,T10_243
T10_d19_282_b_4_jpg.rf.6m2oCR8zFsQIj0WZcsor.jpg,train,4,T10_282
T10_d19_295_a_4_jpg.rf.ZWUIK6e4go7PSpMVL6LT.jpg,train,4,T10_295
T10_d19_315_a_4_jpg.rf.KbMajVqBVX9SbnYoBdDA.jpg,train,4,T10_315
T10_d19_350_a_4_jpg.rf.zHDlgk2ggf5lDejmVKQe.jpg,train,4,T10_350
T10_d19_355_b_4_jpg.rf.axxRlVGYGIrHAranioMf.jpg,train,4,T10_355
T10_d19_366_a_4_jpg.rf.Rz2GAuR7GsbfS7nS3SSA.jpg,train,4,T10_366
T10_d19_377_a_4_jpg.rf.uAd0lWMu4q4hdSGE7lhw.jpg,train,4,T10_377
T10_d19_387_a_4_jpg.rf.u61Be1HEy7wnQC9dzzvg.jpg,train,4,T10_387
T10_d19_401_a_4_jpg.rf.voSMUUvkPXADRRAN9JN2.jpg,train,4,T10_401
T10_d19_413_a_4_jpg.rf.X1gRHTV4ASWbcbEFxVQq.jpg,train,4,T10_413
T10_d19_413_b_4_jpg.rf.5ORmwu6Ye8HbGzk8Fzjo.jpg,train,4,T10_413
T10_d19_414_b_4_jpg.rf.bc7hwarJ4qQ6MM7Yf5Qb.jpg,train,4,T10_414
T10_d19_420_a_4_jpg.rf.t0tBMcHnCSJLouKoFduK.jpg,train,4,T10_420
T10_d19_420_b_4_jpg.rf.yB5JT7FNORBOpNFPY97K.jpg,train,4,T10_420
T10_d19_449_a_4_jpg.rf.h9Vtp7HLfVRnj97CAkfW.jpg,train,4,T10_449
T10_d19_459_b_4_jpg.rf.sIXITNa4wDsVCrdIJCux.jpg,train,4,T10_459
T10_d20_021_b_4_jpg.rf.NUfbsjA3Jij3BZRASg62.jpg,train,4,T10_021
T10_d20_083_a_4_jpg.rf.9WExVYTUWm9nPbMSs54M.jpg,train,4,T10_083
T10_d20_099_b_4_jpg.rf.AqkwUgiK45grqkIeYpdg.jpg,train,4,T10_099
T10_d20_125_a_4_jpg.rf.4anitInUvcWyjf1aa72h.jpg,train,4,T10_125
T10_d20_168_b_4_jpg.rf.6MoVj1XDHEDBEU85l3Aq.jpg,train,4,T10_168
T10_d20_211_a_4_jpg.rf.IaL0MRQWJF00v7JrBnCa.jpg,train,4,T10_211
T10_d20_250_b_4_jpg.rf.PaC5QvjhHFDbpE436tN0.jpg,train,4,T10_250
T10_d20_333_a_4_jpg.rf.sJVcVMtnJ0WyXZcJ5fcN.jpg,train,4,T10_333
T10_d20_337_a_4_jpg.rf.s5y0kHjTvQ4FXGe8GgLf.jpg,train,4,T10_337
T10_d20_351_a_4_jpg.rf.sa3fIdhKCGmroa8wdhmJ.jpg,train,4,T10_351
T10_d20_366_b_4_jpg.rf.RJsOT73gjKZeb8ula53F.jpg,train,4,T10_366
T10_d20_367_b_4_jpg.rf.2RQDaWBhM5Lm0nKEehtx.jpg,train,4,T10_367
T10_d20_401_b_4_jpg.rf.EvyA8lQHsLmcCIGggdoV.jpg,train,4,T10_401
T10_d20_414_a_4_jpg.rf.HnEl7t7yWgvYh99JuUTF.jpg,train,4,T10_414
T10_d20_414_b_4_jpg.rf.1Duc6X826QnTD1O5MN53.jpg,train,4,T10_414
T10_d20_445_b_4_jpg.rf.asoNTyEwYMC7Rr0D9KRT.jpg,train,4,T10_445
T10_d21_046_a_4_jpg.rf.66aRKmRcghotQgrYdq1o.jpg,train,4,T10_046
T10_d21_093_a_4_jpg.rf.AVhjWw6GastGr2CyqwOe.jpg,train,4,T10_093
T10_d21_096_a_4_jpg.rf.k5wf2L7xQsP4Jm73UWCH.jpg,train,4,T10_096
T10_d21_129_b_4_jpg.rf.AObv4ilfQ5xgFzHNzd43.jpg,train,4,T10_129
T10_d21_152_b_4_jpg.rf.JQqcn3OFy4lVDWhkF5fs.jpg,train,4,T10_152
T10_d21_306_b_4_jpg.rf.MMMBaaUmYUVMSbR9hEIn.jpg,train,4,T10_306
T10_d21_408_b_4_jpg.rf.GRLtUDhJrkwfMfqFGquT.jpg,train,4,T10_408
T10_d21_454_a_4_jpg.rf.YasT5lIohEvmq5rOSKs6.jpg,train,4,T10_454
T10_d22_152_b_4_jpg.rf.tl0TjeDsIRmfO4ydnR47.jpg,train,4,T10_152
T10_d22_262_a_4_jpg.rf.zhNRMwt20D7J60DKqYSx.jpg,train,4,T10_262
T10_d22_355_b_4_jpg.rf.4sXT1To87oruFz1uJkE4.jpg,train,4,T10_355
T10_d22_442_b_4_jpg.rf.m66jpL5lMSEJ4bbJe9n0.jpg,train,4,T10_442
T10_d22_454_b_4_jpg.rf.1iftV3BzHAyWcrXlQDhh.jpg,train,4,T10_454
T10_d23_048_b_4_jpg.rf.HHjqbjnWmmGXX0Fgc9mE.jpg,train,4,T10_048
T10_d23_055_b_4_jpg.rf.OIoypVQgkCINjqNxX9j3.jpg,train,4,T10_055
T10_d23_333_a_4_jpg.rf.F5h1s27DH5fWOc0hV4SL.jpg,train,4,T10_333
T10_d23_446_b_4_jpg.rf.XjO6DCUxcSbuhJwZ32Dx.jpg,train,4,T10_446
T10_d24_096_a_4_jpg.rf.v1DkWGUtfptdBQ4RybnY.jpg,train,4,T10_096
T10_d24_206_b_4_jpg.rf.qiAz4PDwjsmniBhsaM8X.jpg,train,4,T10_206
T10_d24_315_b_4_jpg.rf.5WBYSXgl2LrSsgAcv2w8.jpg,train,4,T10_315
T10_d24_442_a_4_jpg.rf.1AvdvFz66bB3qdgxKzoL.jpg,train,4,T10_442
T10_d26_414_a_4_jpg.rf.hzHbNNAMswQ9nN1WDnVj.jpg,train,4,T10_414
T10_d26_414_b_4_jpg.rf.mNMmAO8IlwC3iqfbtNyS.jpg,train,4,T10_414
T20_d05_212_a_4_jpg.rf.3nzy3aYySDY4uoGcq4lQ.jpg,train,4,T20_212
T20_d05_258_b_4_jpg.rf.VGi1Ug8LCqFXPJQ6UBTT.jpg,train,4,T20_258
T20_d05_386_a_4_jpg.rf.H2Sh7fQizMlzdGgXFzse.jpg,train,4,T20_386
T20_d06_143_b_4_jpg.rf.e7Pz3CSDuTnAbWDNDIpQ.jpg,train,4,T20_143
T20_d06_287_a_4_jpg.rf.AxCFbp7qRDlL2bxehZPD.jpg,train,4,T20_287
T20_d06_287_b_4_jpg.rf.YpJxsQnyTPs0VsfMugqi.jpg,train,4,T20_287
T20_d06_477_b_4_jpg.rf.JNA2APAUlW2CHYfer9gd.jpg,train,4,T20_477
T20_d07_005_a_4_jpg.rf.M9Vn7JHDRfOFuX1Gm01l.jpg,train,4,T20_005
T20_d07_146_b_4_jpg.rf.NEeaPsWeaOa2XuO8UnRf.jpg,train,4,T20_146
T20_d07_174_a_4_jpg.rf.6Fh3MrARE9CuKnzVp9a2.jpg,train,4,T20_174
T20_d07_188_a_4_jpg.rf.cNBNu0bi3d3cLwg0x9da.jpg,train,4,T20_188
T20_d07_214_a_4_jpg.rf.aQ9OZF3o2RwuVH1vkmgR.jpg,train,4,T20_214
T20_d07_324_b_4_jpg.rf.hXAnlwrzH0V7VTLS5Ekr.jpg,train,4,T20_324
T20_d07_354_b_4_jpg.rf.xe1dnPuTJRXhcCIVUmLW.jpg,train,4,T20_354
T20_d07_386_a_4_jpg.rf.DMqs3KJVegNd16zvHRlT.jpg,train,4,T20_386
T20_d07_435_a_4_jpg.rf.2BbWfJbAMvmjKSooxiPz.jpg,train,4,T20_435
T20_d07_435_b_4_jpg.rf.yhG8gVsk7h2RZ8IwJTZY.jpg,train,4,T20_435
T20_d07_461_a_4_jpg.rf.LjwX0NTRNBqvkMl5zf0H.jpg,train,4,T20_461
T20_d08_001_b_4_jpg.rf.eZ42AhP4IsoB1oqE7j50.jpg,train,4,T20_001
T20_d08_025_a_4_jpg.rf.0RhVVaQ8E5MK1Mw5P0dl.jpg,train,4,T20_025
T20_d08_042_a_4_jpg.rf.Qcz60bfjLumdNKsFnY2G.jpg,train,4,T20_042
T20_d08_050_a_4_jpg.rf.FvV9pLt3rZXudKb3XloD.jpg,train,4,T20_050
T20_d08_106_b_4_jpg.rf.omGMSQKbMSQMfT9OOkxC.jpg,train,4,T20_106
T20_d08_150_a_4_jpg.rf.BLFKoJdJWyHduzYkvyfT.jpg,train,4,T20_150
T20_d08_187_a_4_jpg.rf.mN19aeIjsnvgMooerGzh.jpg,train,4,T20_187
T20_d08_214_a_4_jpg.rf.LjE5XH3oY5zPo9mGTPsG.jpg,train,4,T20_214
T20_d08_260_a_4_jpg.rf.OzKLekU4aRjWGcDk3qzA.jpg,train,4,T20_260
T20_d08_268_b_4_jpg.rf.l9FT8YIuFZudnOXzxDoD.jpg,train,4,T20_268
T20_d08_277_b_4_jpg.rf.5HtYYTogFG9px0zkVz8j.jpg,train,4,T20_277
T20_d08_346_a_4_jpg.rf.X9djo51EdwIStq4y56VD.jpg,train,4,T20_346
T20_d08_369_b_4_jpg.rf.5p7JQBpMAu8QtZWG0iuc.jpg,train,4,T20_369
T20_d08_386_b_4_jpg.rf.TOvc56FTfdQFMqXmTM6T.jpg,train,4,T20_386
T20_d08_390_b_4_jpg.rf.SkwQ7e8eKhbVlfrTMb2g.jpg,train,4,T20_390
T20_d08_438_a_4_jpg.rf.YKYgpsC7dFTUPkDHPRNn.jpg,train,4,T20_438
T20_d08_464_b_4_jpg.rf.34LrPO0iF2jN6493kOXw.jpg,train,4,T20_464
T20_d09_042_b_4_jpg.rf.nXMdv2oEY11zSQaqKDVp.jpg,train,4,T20_042
T20_d09_049_a_4_jpg.rf.lqmi4tHc79fZeojdRcZD.jpg,train,4,T20_049
T20_d09_049_b_4_jpg.rf.yiEP84kBO7Ad6XU2vbEf.jpg,train,4,T20_049
T20_d09_107_b_4_jpg.rf.bd9ojlH1Hiow4mGaWQ8L.jpg,train,4,T20_107
T20_d09_155_b_4_jpg.rf.43S1IVSqpRyH7NiH67GH.jpg,train,4,T20_155
T20_d09_256_a_4_jpg.rf.m6X2UeZdgP2N1Ok5Hdo1.jpg,train,4,T20_256
T20_d09_272_a_4_jpg.rf.S8j3eFzjjx1D4MGwUz0F.jpg,train,4,T20_272
T20_d09_288_a_4_jpg.rf.6hpv23DnB2IYINAbzES1.jpg,train,4,T20_288
T20_d09_332_b_4_jpg.rf.FnFWp2bidVrsVNp1RdDB.jpg,train,4,T20_332
T20_d09_388_b_4_jpg.rf.YYqbJ82XqzsMOhaMBMKP.jpg,train,4,T20_388
T20_d09_391_b_4_jpg.rf.i5fzNZoAtvW7IzDO03Kd.jpg,train,4,T20_391
T20_d09_409_b_4_jpg.rf.pUug9BGB3qTEtFafvstD.jpg,train,4,T20_409
T20_d09_421_a_4_jpg.rf.TdkCIdKqZoJLp3U2lYhH.jpg,train,4,T20_421
T20_d09_435_b_4_jpg.rf.Bv9GunTCk1STFuHd3VrG.jpg,train,4,T20_435
T20_d10_311_a_4_jpg.rf.2BFh8WO9YIQFG4pbSZKQ.jpg,train,4,T20_311
Tam_d04_248_b_4_jpg.rf.6iUv2wAnoJtnEVNtXbGL.jpg,train,4,Tam_248
Tam_d05_191_a_4_jpg.rf.da8e9sWfLRbnF7XIEirF.jpg,train,4,Tam_191
Tam_d05_370_a_4_jpg.rf.vCdWGodGt3Siefp9M20g.jpg,train,4,Tam_370
Tam_d05_457_a_4_jpg.rf.Vvf9VNfELOLVFqmS7sWH.jpg,train,4,Tam_457
Tam_d06_028_a_4_jpg.rf.qBVcf1FAJygXctVXPX9j.jpg,train,4,Tam_028
Tam_d06_247_b_4_jpg.rf.lSY4KRemrlY5Rp34GlU8.jpg,train,4,Tam_247
Tam_d06_257_b_4_jpg.rf.6PzBP6LLyv1bFx2FMD2G.jpg,train,4,Tam_257
Tam_d06_308_b_4_jpg.rf.oofsiFWgrtidMkl8Ipw1.jpg,train,4,Tam_308
Tam_d06_457_b_4_jpg.rf.fNzBVXy41s1Laf8Nws8k.jpg,train,4,Tam_457
Tam_d07_009_b_4_jpg.rf.4I46EeB34Ox4xYyrD0tM.jpg,train,4,Tam_009
Tam_d07_051_a_4_jpg.rf.FdvSHgPRifHO8Sb6lFWM.jpg,train,4,Tam_051
Tam_d07_119_a_4_jpg.rf.rtAM5iO1ZHaPes84YSq9.jpg,train,4,Tam_119
Tam_d07_159_b_4_jpg.rf.1R7xJG8CQis3WP6YDGBk.jpg,train,4,Tam_159
Tam_d07_200_a_4_jpg.rf.RdC0hiGy6jdtYslJ5B9j.jpg,train,4,Tam_200
Tam_d07_208_b_4_jpg.rf.LDoX3tA8kiozJXjj0SLX.jpg,train,4,Tam_208
Tam_d07_242_b_4_jpg.rf.j8QAoUcBgiQn9GNWZCfO.jpg,train,4,Tam_242
Tam_d07_299_b_4_jpg.rf.iOXXmqUcGelf8cxn8Lvm.jpg,train,4,Tam_299
Tam_d07_302_a_4_jpg.rf.XWuYDV2YqL6Ft8daHJ4K.jpg,train,4,Tam_302
Tam_d07_356_b_4_jpg.rf.uxnLxtZvUIgWmWiFcnTT.jpg,train,4,Tam_356
Tam_d07_404_a_4_jpg.rf.tDmxrL6QcuxyBL0VyeAS.jpg,train,4,Tam_404
Tam_d08_157_a_4_jpg.rf.SU5q2kFZzH4DSerHWl0p.jpg,train,4,Tam_157
Tam_d08_157_b_4_jpg.rf.coDcsFw3kp8w6BbQbAiB.jpg,train,4,Tam_157
Tam_d08_160_b_4_jpg.rf.V2BFgFBrfS6NWZSVkveY.jpg,train,4,Tam_160
Tam_d08_210_b_4_jpg.rf.Gch2UTr9WVlz6vomVjUN.jpg,train,4,Tam_210
Tam_d08_299_a_4_jpg.rf.AZIB3F6SdI9UwF8ZfJSP.jpg,train,4,Tam_299
Tam_d08_303_a_4_jpg.rf.yvKkxR6LkFjXwvOK6l49.jpg,train,4,Tam_303
Tam_d08_348_a_4_jpg.rf.JW92SqLV5Qj04zKglcsB.jpg,train,4,Tam_348
Tam_d08_404_a_4_jpg.rf.zzj0VaEXb1IvG1mfgLWN.jpg,train,4,Tam_404
Tam_d08_427_a_4_jpg.rf.Fbs6Uip7UYg2ol7OaIUM.jpg,train,4,Tam_427
Tam_d09_249_b_4_jpg.rf.QJ9NT9yF3NxpE0RltdsH.jpg,train,4,Tam_249
Tam_d09_285_a_4_jpg.rf.oenV5VlADcTaMoFeOtfs.jpg,train,4,Tam_285
T10_d12_227_a_5_jpg.rf.uP1z2VLLbz2ibWdVOMEz.jpg,train,5,T10_227
T10_d15_290_b_5_jpg.rf.LG87JttI8z4FbRT5f3BN.jpg,train,5,T10_290
T10_d18_294_b_5_jpg.rf.83OyYCjhtybCQDXlA2ze.jpg,train,5,T10_294
T10_d18_336_a_5_jpg.rf.Pnc3MxBlAi9YRuNvXsCq.jpg,train,5,T10_336
T10_d19_003_a_5_jpg.rf.UPJhbWdGwsLiAKwOOKTR.jpg,train,5,T10_003
T10_d19_094_b_5_jpg.rf.JkKlUd86QAe3xGqjectT.jpg,train,5,T10_094
T10_d19_172_a_5_jpg.rf.f766MHOAUwUBzsuFSYiA.jpg,train,5,T10_172
T10_d19_233_b_5_jpg.rf.rFTg3Yjfw8tJoGsenA6j.jpg,train,5,T10_233
T10_d19_294_a_5_jpg.rf.a4eSSxLJtvrfMsVOatWR.jpg,train,5,T10_294
T10_d20_002_b_5_jpg.rf.IYtuKp20iqp32gVonqcW.jpg,train,5,T10_002
T10_d20_026_a_5_jpg.rf.HyhanS7AeKWHEEh2dStz.jpg,train,5,T10_026
T10_d20_094_b_5_jpg.rf.zqGxEer4KMEph6r8ziLL.jpg,train,5,T10_094
T10_d20_128_a_5_jpg.rf.VlhROHY1xT80x5eN3q6d.jpg,train,5,T10_128
T10_d20_172_a_5_jpg.rf.tvWNjhU7VcGvrXEF1hmw.jpg,train,5,T10_172
T10_d20_202_b_5_jpg.rf.IJubo0sxTaMGrfcLPfAD.jpg,train,5,T10_202
T10_d21_002_a_5_jpg.rf.tNBxkCHBsX8e9wjnWcnY.jpg,train,5,T10_002
T10_d21_156_a_5_jpg.rf.GT9BZVChF7r7fOoFGDEu.jpg,train,5,T10_156
T10_d21_172_a_5_jpg.rf.fvjXPeMoPp73nto0vjxz.jpg,train,5,T10_172
T10_d21_229_a_5_jpg.rf.94qNEcxDigS98bcT6nYg.jpg,train,5,T10_229
T10_d21_243_b_5_jpg.rf.K4eehyC4vnd5EHmRupev.jpg,train,5,T10_243
T10_d21_250_a_5_jpg.rf.FDVFaFakFopaTB4BsC8i.jpg,train,5,T10_250
T10_d21_357_a_5_jpg.rf.bIN9Z6xCTjlgk7nM6GCI.jpg,train,5,T10_357
T10_d21_376_a_5_jpg.rf.3AibSpkKPkUPz1LJTXxe.jpg,train,5,T10_376
T10_d21_422_b_5_jpg.rf.PrBXqkaGM41V7xo3bw7z.jpg,train,5,T10_422
T10_d21_448_a_5_jpg.rf.AgjkvD2Dz9ETYN9DDMrU.jpg,train,5,T10_448
T10_d22_003_a_5_jpg.rf.ON8gTrGADx6gpwFste4a.jpg,train,5,T10_003
T10_d22_193_b_5_jpg.rf.7PFNzLjo1xCJ4XjTvaQH.jpg,train,5,T10_193
T10_d22_229_b_5_jpg.rf.BjHruje15qyODympvw6m.jpg,train,5,T10_229
T10_d22_252_a_5_jpg.rf.EBxWvsYbYF2jopMV0N2Y.jpg,train,5,T10_252
T10_d22_276_a_5_jpg.rf.I6sCMkeUM1kVHasxCjFj.jpg,train,5,T10_276
T10_d22_294_a_5_jpg.rf.u2HrMsvjXYCX9DxKmb63.jpg,train,5,T10_294
T10_d22_294_b_5_jpg.rf.sxNR3Qthxbosx8at3H8a.jpg,train,5,T10_294
T10_d22_381_b_5_jpg.rf.CcGWgVQ7HWqC8bJiQXvF.jpg,train,5,T10_381
T10_d23_002_a_5_jpg.rf.5UGNjh9hXVKWpNvBcdrD.jpg,train,5,T10_002
T10_d23_034_b_5_jpg.rf.uNDTmI5JfYwo7YFHiY0p.jpg,train,5,T10_034
T10_d23_047_b_5_jpg.rf.3G1iXq6CjWaELsRpftnT.jpg,train,5,T10_047
T10_d23_128_a_5_jpg.rf.jR14jkwvYGD3BxEo4kTU.jpg,train,5,T10_128
T10_d23_172_a_5_jpg.rf.AXcCpkxF5TImA5QqXGUL.jpg,train,5,T10_172
T10_d23_193_a_5_jpg.rf.IHroTpYxFJZhMbu4hLKU.jpg,train,5,T10_193
T10_d23_237_b_5_jpg.rf.AuMdicgl07eeU1cv9gjZ.jpg,train,5,T10_237
T10_d23_276_a_5_jpg.rf.0fkL6D0DQXpzmIx3rmTY.jpg,train,5,T10_276
T10_d23_276_b_5_jpg.rf.kmTZaLaKuyhvwEToUQyC.jpg,train,5,T10_276
T10_d23_282_a_5_jpg.rf.hk4SPIAQ9siRFFn4xduZ.jpg,train,5,T10_282
T10_d23_283_a_5_jpg.rf.kJyhpjdLXl1cAGxVwyiT.jpg,train,5,T10_283
T10_d23_294_b_5_jpg.rf.LHZ6kirqtdzGI5hv2NwZ.jpg,train,5,T10_294
T10_d23_296_b_5_jpg.rf.6I1nuL3SvmOWeWJHtBfg.jpg,train,5,T10_296
T10_d23_408_a_5_jpg.rf.cnq79pXYOpPsRN3Z5dMz.jpg,train,5,T10_408
T10_d23_429_b_5_jpg.rf.p1MMBSDrFIbIOvp9V7dn.jpg,train,5,T10_429
T10_d23_445_b_5_jpg.rf.2TSAJUuZFVX39tGKNrOt.jpg,train,5,T10_445
T10_d23_448_a_5_jpg.rf.i4iHxwcxrd3FNSk9SBU3.jpg,train,5,T10_448
T10_d24_047_a_5_jpg.rf.RDJKKmdx8IRHtPBtZjWi.jpg,train,5,T10_047
T10_d24_118_b_5_jpg.rf.0WisQGSKYYooQO0RPrOP.jpg,train,5,T10_118
T10_d24_165_b_5_jpg.rf.ZMljAnRdAQ6rzwgRsZJP.jpg,train,5,T10_165
T10_d24_167_b_5_jpg.rf.r0kGE5IHazjxXggBOXf6.jpg,train,5,T10_167
T10_d24_202_a_5_jpg.rf.gbiOM5YPgAXpGhdWOCfI.jpg,train,5,T10_202
T10_d24_234_b_5_jpg.rf.PFKxHB2t1VjASPbk7QDK.jpg,train,5,T10_234
T10_d24_282_a_5_jpg.rf.S4BrZIgKv3oYQwzxaPpV.jpg,train,5,T10_282
T10_d24_294_a_5_jpg.rf.0rdLUgt21I91pYy2ZLdO.jpg,train,5,T10_294
T10_d24_294_b_5_jpg.rf.3AWiq132NFkdraIODetR.jpg,train,5,T10_294
T10_d24_295_b_5_jpg.rf.2JQNZZYILJ77dM6x8gDT.jpg,train,5,T10_295
T10_d24_336_a_5_jpg.rf.taoNZyybFQigRgnzRlG6.jpg,train,5,T10_336
T10_d24_349_a_5_jpg.rf.zcbFgpvxtl04OepwVy04.jpg,train,5,T10_349
T10_d24_350_b_5_jpg.rf.2QirKvT08K2AkGTNOEC7.jpg,train,5,T10_350
T10_d24_357_a_5_jpg.rf.jljtdRHmzdRT3qqDBFK9.jpg,train,5,T10_357
T10_d24_381_b_5_jpg.rf.rbnxvAU9FA4y02VjV3bg.jpg,train,5,T10_381
T10_d24_401_b_5_jpg.rf.D84uTPuNQ4fWGi0QFZjK.jpg,train,5,T10_401
T10_d24_415_b_5_jpg.rf.3m3NPgUreF7BkxW0kC5p.jpg,train,5,T10_415
T10_d24_446_a_5_jpg.rf.woXMgdvS2vOUMjdOjsyo.jpg,train,5,T10_446
T10_d24_470_b_5_jpg.rf.XrDZ9ekhlkmMfcXa6PC6.jpg,train,5,T10_470
T10_d24_475_a_5_jpg.rf.hd4TRgjl1dltgwpCKwyy.jpg,train,5,T10_475
T10_d25_003_a_5_jpg.rf.iqyjlDW9sP43wgecruhL.jpg,train,5,T10_003
T10_d25_026_b_5_jpg.rf.6K2LhzPiqtv9uFC30q0Y.jpg,train,5,T10_026
T10_d25_047_b_5_jpg.rf.kTcvKFkJnTDj86daBpoP.jpg,train,5,T10_047
T10_d25_094_a_5_jpg.rf.yhgHbA1rFIXWprmKAY0a.jpg,train,5,T10_094
T10_d25_122_a_5_jpg.rf.6uFatFCEPGnPMdSl3srl.jpg,train,5,T10_122
T10_d25_125_a_5_jpg.rf.jGanv7ZoWXIR6KAyOkZD.jpg,train,5,T10_125
T10_d25_145_a_5_jpg.rf.4ulO6r4WcvGzB7c5qhZZ.jpg,train,5,T10_145
T10_d25_206_b_5_jpg.rf.D6BFxhRh8R4uUIHWWdMh.jpg,train,5,T10_206
T10_d25_211_b_5_jpg.rf.UbLVxqjndcgAASX7V7FW.jpg,train,5,T10_211
T10_d25_234_b_5_jpg.rf.kaN53QzbL38VsdDeY2Ae.jpg,train,5,T10_234
T10_d25_243_a_5_jpg.rf.eAfzZIhV2hRG09in7PCn.jpg,train,5,T10_243
T10_d25_284_a_5_jpg.rf.WT73I4UZVdbJkNRl4wvA.jpg,train,5,T10_284
T10_d25_349_b_5_jpg.rf.uYSqOICqPruEvYGnHW28.jpg,train,5,T10_349
T10_d25_415_a_5_jpg.rf.w8dEsMOzAQBSOaoYaKyR.jpg,train,5,T10_415
T10_d25_445_a_5_jpg.rf.3gKQb5Cpw3MobNR1EFY2.jpg,train,5,T10_445
T10_d25_445_b_5_jpg.rf.79zisG25wOH4iHhbgo1y.jpg,train,5,T10_445
T10_d26_047_a_5_jpg.rf.oSAOKsZU4JycqRmeoRbZ.jpg,train,5,T10_047
T10_d26_069_a_5_jpg.rf.FaVDzWAiaTJWJU15h9vF.jpg,train,5,T10_069
T10_d26_089_a_5_jpg.rf.vsq32uTGddkIkcoEc6CJ.jpg,train,5,T10_089
T10_d26_093_a_5_jpg.rf.p3Qg6E6KUTpOEQBwayOk.jpg,train,5,T10_093
T10_d26_130_a_5_jpg.rf.LmmrF85zdgBoxLAYFomK.jpg,train,5,T10_130
T10_d26_131_a_5_jpg.rf.6d8gJpsZUt9sUjpqm3PK.jpg,train,5,T10_131
T10_d26_156_b_5_jpg.rf.Que8P0aMHEn7bLPjZgYz.jpg,train,5,T10_156
T10_d26_167_b_5_jpg.rf.N2OLBvaaBfuw9dLoiXQg.jpg,train,5,T10_167
T10_d26_204_a_5_jpg.rf.GXj6pzjBLGjKTbG8lToj.jpg,train,5,T10_204
T10_d26_204_b_5_jpg.rf.LGN3yEdStRgClQjOd43v.jpg,train,5,T10_204
T10_d26_206_a_5_jpg.rf.FdBULfsXZXaBy5GVX16C.jpg,train,5,T10_206
T10_d26_217_a_5_jpg.rf.F9iUiwD31KUfbCe2fg83.jpg,train,5,T10_217
T10_d26_217_b_5_jpg.rf.ZAdUqM21Sxj5RTjBIamR.jpg,train,5,T10_217
T10_d26_233_a_5_jpg.rf.MAJ3XdbfyL9kBgX1rQSe.jpg,train,5,T10_233
T10_d26_237_b_5_jpg.rf.4V03A3PeNtW82OT74f4M.jpg,train,5,T10_237
T10_d26_269_b_5_jpg.rf.oFyWviJa8cCqIN8Wt6PK.jpg,train,5,T10_269
T10_d26_315_a_5_jpg.rf.AHtZoFqLSZovAoYHKotV.jpg,train,5,T10_315
T10_d26_315_b_5_jpg.rf.Sq3SnjJcynCl9TP0SBQE.jpg,train,5,T10_315
T10_d26_330_a_5_jpg.rf.VsiQ60GWT2QbQ4B28wbP.jpg,train,5,T10_330
T10_d26_420_a_5_jpg.rf.uc3YgVmiLUyyTwGLKDjg.jpg,train,5,T10_420
T10_d26_429_a_5_jpg.rf.SjZymhtWSDdaJVJh9xEt.jpg,train,5,T10_429
T10_d26_444_b_5_jpg.rf.MjMKajqGZrzkumMM8ggU.jpg,train,5,T10_444
T10_d26_446_a_5_jpg.rf.nLKWZxQ4zcqo4X65jryC.jpg,train,5,T10_446
T10_d26_470_a_5_jpg.rf.o1uzANCVeFqRTFxUDy98.jpg,train,5,T10_470
T20_d08_354_b_5_jpg.rf.7cBUGg0X0x5GwX1s1oAB.jpg,train,5,T20_354
T20_d09_004_b_5_jpg.rf.wnPX7U1DfhM2yYj1WPuS.jpg,train,5,T20_004
T20_d09_084_b_5_jpg.rf.0l3pYPRsmAoIEx0IvB8p.jpg,train,5,T20_084
T20_d09_090_a_5_jpg.rf.nKTjk6MgMT8tbbeah3OC.jpg,train,5,T20_090
T20_d09_146_b_5_jpg.rf.LcibJUPCkoJgzTvarSSf.jpg,train,5,T20_146
T20_d09_431_b_5_jpg.rf.gkMEgDL7mdPY7752d9fH.jpg,train,5,T20_431
T20_d10_001_a_5_jpg.rf.P0l4ohwPYlTngtQPsmGn.jpg,train,5,T20_001
T20_d10_004_a_5_jpg.rf.ebknu6SsZduTaEdqzCxI.jpg,train,5,T20_004
T20_d10_032_b_5_jpg.rf.AtYJW6OTUhZwVkxqZh80.jpg,train,5,T20_032
T20_d10_050_a_5_jpg.rf.EtNtGFrezsifWoOKw1iy.jpg,train,5,T20_050
T20_d10_060_a_5_jpg.rf.hjZHNs6muYUgUqu7pyZ9.jpg,train,5,T20_060
T20_d10_071_a_5_jpg.rf.XNz2tLT6Hil4exJEHS61.jpg,train,5,T20_071
T20_d10_155_b_5_jpg.rf.HNS5inw0yIgkAh2A4QtB.jpg,train,5,T20_155
T20_d10_185_b_5_jpg.rf.emVhijNLXtEXw31dQdT6.jpg,train,5,T20_185
T20_d10_212_a_5_jpg.rf.Fsycj3extTjcun25drSy.jpg,train,5,T20_212
T20_d10_225_b_5_jpg.rf.uNKvEmfFOyhsWqSLc4Yf.jpg,train,5,T20_225
T20_d10_258_b_5_jpg.rf.OxIbMM9mEOvZLXYJq9wK.jpg,train,5,T20_258
T20_d10_259_b_5_jpg.rf.dSqKUsyrfhLs7fZJr3BW.jpg,train,5,T20_259
T20_d10_263_b_5_jpg.rf.xls3bj02BfpbEG9WUD20.jpg,train,5,T20_263
T20_d10_272_b_5_jpg.rf.yowAWOsvbsAO5QPhsAAk.jpg,train,5,T20_272
T20_d10_390_b_5_jpg.rf.0SCdXvv98LhDMXgJIZ3s.jpg,train,5,T20_390
T20_d10_431_b_5_jpg.rf.glMiQ7pyuhzBBfV46ed9.jpg,train,5,T20_431
T20_d10_443_b_5_jpg.rf.qygwWpFnaezOpZjvLJo0.jpg,train,5,T20_443
T20_d11_042_b_5_jpg.rf.Otlpaa7UjYwzBrV35ZJc.jpg,train,5,T20_042
T20_d11_112_b_5_jpg.rf.jV30JSjAvy2Eu4JJeDFj.jpg,train,5,T20_112
T20_d11_132_b_5_jpg.rf.NYnEQLYikYGsTLnNbhFH.jpg,train,5,T20_132
T20_d11_244_b_5_jpg.rf.UfYVi3i3dxaXAmm9M9aB.jpg,train,5,T20_244
T20_d11_293_a_5_jpg.rf.srmqmMBd08BOIWTOMDQn.jpg,train,5,T20_293
T20_d11_311_b_5_jpg.rf.GpJebSl8PVxI74IHhcm5.jpg,train,5,T20_311
T20_d11_324_b_5_jpg.rf.5ZBwWVU9TkgChZFEkWcM.jpg,train,5,T20_324
T20_d11_347_b_5_jpg.rf.eccM2Ez4Vmcypc8wgKkn.jpg,train,5,T20_347
T20_d11_354_a_5_jpg.rf.M8tPLfz9hxkWL35DehGC.jpg,train,5,T20_354
T20_d11_369_a_5_jpg.rf.hdyd3w5WCx9lmjSgdMYq.jpg,train,5,T20_369
T20_d11_435_b_5_jpg.rf.IccIlpUD5XrwkbYGwH3B.jpg,train,5,T20_435
T20_d11_469_b_5_jpg.rf.IilqGn9crxEZkTTYlt6W.jpg,train,5,T20_469
Tam_d08_467_a_5_jpg.rf.62IAaOMpfdd1XLLotguy.jpg,train,5,Tam_467
Tam_d09_142_a_5_jpg.rf.kGtuK5gAVBaiXfaI8UF7.jpg,train,5,Tam_142
Tam_d09_189_b_5_jpg.rf.nyRjyiZdhOwF7WElA2Hp.jpg,train,5,Tam_189
Tam_d09_205_a_5_jpg.rf.oozL5hxGoOI6ED6QZ7v4.jpg,train,5,Tam_205
Tam_d09_210_b_5_jpg.rf.fELfBcuVXw8d4DvxB1TN.jpg,train,5,Tam_210
Tam_d09_270_a_5_jpg.rf.Ezd93bvC5nipqO1i4Stf.jpg,train,5,Tam_270
Tam_d09_302_b_5_jpg.rf.7K53B7m3cTYfXLnZxZCH.jpg,train,5,Tam_302
Tam_d09_304_a_5_jpg.rf.dC5iPHwtmbWKlIIEpeeb.jpg,train,5,Tam_304
Tam_d09_404_a_5_jpg.rf.LYgrWxuS5hUJOg6MomYr.jpg,train,5,Tam_404
Tam_d10_009_b_5_jpg.rf.avZhcTQeYoVeLyeBtxka.jpg,train,5,Tam_009
Tam_d10_059_a_5_jpg.rf.V5PVK5gNsRWzoWNfrPFs.jpg,train,5,Tam_059
Tam_d10_102_a_5_jpg.rf.1I5CbPWQ8cHl3RJTahD4.jpg,train,5,Tam_102
Tam_d10_121_b_5_jpg.rf.Q5boWPQfhZSAEOPndDi3.jpg,train,5,Tam_121
Tam_d10_200_a_5_jpg.rf.k1EKDTrtXfvDzejXNyXp.jpg,train,5,Tam_200
Tam_d10_241_a_5_jpg.rf.RxfD8Ttsy6nvrK4dFtYR.jpg,train,5,Tam_241
Tam_d10_241_b_5_jpg.rf.J1VlbPawrU7CQs7jxCEh.jpg,train,5,Tam_241
Tam_d10_297_b_5_jpg.rf.pbieGU4kiy8hnmEP9AkJ.jpg,train,5,Tam_297
Tam_d10_299_a_5_jpg.rf.8zV1cTR3x7GdmlMGp548.jpg,train,5,Tam_299
Tam_d10_379_a_5_jpg.rf.WfMHSPM7M4P08ovH3tT4.jpg,train,5,Tam_379
Tam_d10_404_b_5_jpg.rf.VKxYOWRRGfWokEe7WF7K.jpg,train,5,Tam_404
Tam_d10_417_b_5_jpg.rf.2HkciEwyC7DFJmPG8pBf.jpg,train,5,Tam_417
Tam_d11_051_b_5_jpg.rf.bIaJjM6ek9Yi887FfaoS.jpg,train,5,Tam_051
Tam_d11_074_a_5_jpg.rf.HNWFfhHvdDQnNyY3dALN.jpg,train,5,Tam_074
Tam_d11_124_b_5_jpg.rf.m5Y7U7iJxNrQvQDHInjt.jpg,train,5,Tam_124
Tam_d11_179_b_5_jpg.rf.x5ABPVy8YIpTd47dn0e3.jpg,train,5,Tam_179
Tam_d11_218_b_5_jpg.rf.L6paWwfSAdOmdRwf64Fc.jpg,train,5,Tam_218
Tam_d11_248_b_5_jpg.rf.IxQMNckEQDaicZCdDYch.jpg,train,5,Tam_248
Tam_d11_261_b_5_jpg.rf.1otEigbdivlB8ie25sps.jpg,train,5,Tam_261
Tam_d11_280_b_5_jpg.rf.YeShgsk9Zb05aBW1ZEAk.jpg,train,5,Tam_280
Tam_d11_297_a_5_jpg.rf.b4SRGzx845x7MBxrsAao.jpg,train,5,Tam_297
Tam_d11_318_b_5_jpg.rf.Y3hLEsqWB0tUJ2wuhSw2.jpg,train,5,Tam_318
Tam_d11_379_a_5_jpg.rf.MrfRorwCNsNa03mV1vMn.jpg,train,5,Tam_379
Tam_d11_417_a_5_jpg.rf.BBWaetuudYfYaISClrAw.jpg,train,5,Tam_417
Tam_d11_436_a_5_jpg.rf.6ZYVyHW1YAKR5ru5eAxz.jpg,train,5,Tam_436
T10_d01_033_a_1_jpg.rf.ykeRuHPJ3G6SbBmhnKNr.jpg,val,1,T10_033
T10_d01_033_b_1_jpg.rf.Zcv659Y3Ha0znreZqNu1.jpg,val,1,T10_033
T10_d01_310_a_1_jpg.rf.6xRaO0naFMYMl9A2LZYg.jpg,val,1,T10_310
T10_d01_368_a_1_jpg.rf.KqrLsMfRZrUY3wx8Fq3q.jpg,val,1,T10_368
T10_d01_385_a_1_jpg.rf.4FreYxU2hB1VH2gVoRfv.jpg,val,1,T10_385
T10_d01_406_a_1_jpg.rf.9UDqyGVSTssijVB2vmjt.jpg,val,1,T10_406
T10_d01_452_b_1_jpg.rf.niBXZbpyuuPB6R0LNN48.jpg,val,1,T10_452
T10_d01_478_b_1_jpg.rf.1FIrMmgCmqZUFqgLSsoJ.jpg,val,1,T10_478
T10_d02_012_a_1_jpg.rf.fVw4Xpsd2ZcSq828ABTV.jpg,val,1,T10_012
T10_d02_014_a_1_jpg.rf.obyi0noJvUM5tC6MrUpK.jpg,val,1,T10_014
T10_d02_014_b_1_jpg.rf.9RY2WUxVupn5XvJJ27p4.jpg,val,1,T10_014
T10_d02_033_a_1_jpg.rf.sbQgh27II1dq1xbgu7Xs.jpg,val,1,T10_033
T10_d02_038_a_1_jpg.rf.iFKG1twkqSTMZNn3McGd.jpg,val,1,T10_038
T10_d02_038_b_1_jpg.rf.Qaf2fHgxhKumFsycsw74.jpg,val,1,T10_038
T10_d02_058_b_1_jpg.rf.mNiC2yjadTXndcb8B9Ic.jpg,val,1,T10_058
T10_d03_038_b_1_jpg.rf.HxiNWruTDlv7ogoj9gX7.jpg,val,1,T10_038
T10_d03_072_b_1_jpg.rf.NTOCuIxE1JTGH15HHbmF.jpg,val,1,T10_072
T10_d03_253_b_1_jpg.rf.ll8yabe2QOC5My79DmRu.jpg,val,1,T10_253
T10_d03_478_a_1_jpg.rf.8k5SvpWVjXCk4EEYpNcV.jpg,val,1,T10_478
T10_d04_012_a_1_jpg.rf.NjwHzDaHZQIqjrISxL9S.jpg,val,1,T10_012
T10_d04_018_a_1_jpg.rf.dUWFswhL3uZfK8DoxT7j.jpg,val,1,T10_018
T10_d04_018_b_1_jpg.rf.ixU6UVUm842pLzGP1DTu.jpg,val,1,T10_018
T10_d04_072_a_1_jpg.rf.CqeFDEFzVXU0uRgVvzsS.jpg,val,1,T10_072
T10_d04_087_b_1_jpg.rf.v961iB6jUPK9W38N93Py.jpg,val,1,T10_087
T10_d04_373_b_1_jpg.rf.PArONoxZmtnRRGTSOOs9.jpg,val,1,T10_373
T10_d04_402_a_1_jpg.rf.1clrhhb38Sg9P9KCSXKi.jpg,val,1,T10_402
T10_d04_478_b_1_jpg.rf.doyK61rojsEIIC6u95PM.jpg,val,1,T10_478
T10_d05_072_a_1_jpg.rf.76IYcRXPOXhDGlLtxf1n.jpg,val,1,T10_072
T10_d05_072_b_1_jpg.rf.0OqwAKJCPaqbufCEYNKI.jpg,val,1,T10_072
T10_d05_186_b_1_jpg.rf.yyFgHNjWuF9oDQbm9B0Q.jpg,val,1,T10_186
T10_d05_310_b_1_jpg.rf.UtUxNj1sqmzeTfPFU28T.jpg,val,1,T10_310
T10_d05_385_a_1_jpg.rf.G8yjDIwuu2DR7PZzUtqJ.jpg,val,1,T10_385
T10_d06_018_a_1_jpg.rf.ETGjEh2lkzQrZqhOgn7Z.jpg,val,1,T10_018
T10_d06_186_a_1_jpg.rf.lzNeLYTYsoKmoXZsYvr0.jpg,val,1,T10_186
T10_d07_292_b_1_jpg.rf.RgaqUcgDkmy6ob45raii.jpg,val,1,T10_292
T10_d07_310_b_1_jpg.rf.6Kl8Q52vAGTor3DgoiAq.jpg,val,1,T10_310
T10_d07_353_a_1_jpg.rf.P7DDt7urFWQ7Iueh2Zih.jpg,val,1,T10_353
T10_d07_451_b_1_jpg.rf.tRjO5iiRvTJuHb6IH3Tj.jpg,val,1,T10_451
T10_d07_452_a_1_jpg.rf.L4coxvGZM3wMUVHswIYj.jpg,val,1,T10_452
T10_d08_058_b_1_jpg.rf.DXvAyGiiowEDGLOKQZL0.jpg,val,1,T10_058
T10_d08_292_a_1_jpg.rf.tBp1axklScnTXaxfMb1c.jpg,val,1,T10_292
T10_d08_452_a_1_jpg.rf.ukEshzSCUhsa6a6J2526.jpg,val,1,T10_452
T20_d02_153_a_1_jpg.rf.L0K2pSrqtnH1oo5EH9S4.jpg,val,1,T20_153
T20_d02_321_b_1_jpg.rf.3rFgKRp1Y5gd2uIJZco1.jpg,val,1,T20_321
Tam_d01_019_b_1_jpg.rf.0PzXnl8SCV90Te04YK6R.jpg,val,1,Tam_019
Tam_d01_073_b_1_jpg.rf.Rv9K4AXh4V8YcdPa9uZi.jpg,val,1,Tam_073
Tam_d02_173_b_1_jpg.rf.MHXGJ703F6iBWV5WQsXs.jpg,val,1,Tam_173
Tam_d02_175_b_1_jpg.rf.vXdcFQcUmVVipUGUYshz.jpg,val,1,Tam_175
Tam_d02_345_b_1_jpg.rf.YAGzE4fx0D1WmIOk6q72.jpg,val,1,Tam_345
Tam_d02_473_b_1_jpg.rf.V6PvBUyU6Kqgz1uCJp7H.jpg,val,1,Tam_473
Tam_d03_184_b_1_jpg.rf.uExtvGIYyaIjfBZURFUk.jpg,val,1,Tam_184
Tam_d03_473_b_1_jpg.rf.COWCHiarFyGTvXuqKw0d.jpg,val,1,Tam_473
Tam_d03_474_b_1_jpg.rf.cqFuzDhIJYCKyH81eElB.jpg,val,1,Tam_474
T10_d05_012_b_2_jpg.rf.0NFLm9ci6XjFxZmY2pht.jpg,val,2,T10_012
T10_d05_398_a_2_jpg.rf.NG0FPuQqTKSfGdnxd0Co.jpg,val,2,T10_398
T10_d07_087_b_2_jpg.rf.7qt1wvZgxM9iZ1EHuwII.jpg,val,2,T10_087
T10_d08_012_a_2_jpg.rf.6L1YekAyBA7OefGQm3g8.jpg,val,2,T10_012
T10_d08_033_b_2_jpg.rf.EZ6UV1YRm6GXosBkAaak.jpg,val,2,T10_033
T10_d08_087_b_2_jpg.rf.hvVRQOR4Yp76SH6XFMW4.jpg,val,2,T10_087
T10_d08_186_b_2_jpg.rf.FgIWDUl2BJY810QQHFpq.jpg,val,2,T10_186
T10_d08_253_b_2_jpg.rf.S9WYE9qZlXG06oz0WtfA.jpg,val,2,T10_253
T10_d08_254_b_2_jpg.rf.6fU9CDrjvMQEAakshNmy.jpg,val,2,T10_254
T10_d08_353_a_2_jpg.rf.Ap3jZSMl00HR3Pn2n8nR.jpg,val,2,T10_353
T10_d08_450_a_2_jpg.rf.BW9FNDtXqDCjpsqppKfp.jpg,val,2,T10_450
T10_d09_058_a_2_jpg.rf.Qscym37044toy1hQTRlA.jpg,val,2,T10_058
T10_d09_402_b_2_jpg.rf.OKpQ8qwPISX42PN9Rma2.jpg,val,2,T10_402
T10_d09_451_a_2_jpg.rf.7WkXbNnRyiaIeSPGJDMx.jpg,val,2,T10_451
T10_d09_478_a_2_jpg.rf.Xw1I1RdDrdEbDejqOn7T.jpg,val,2,T10_478
T10_d10_014_a_2_jpg.rf.ucVlgnrtAdneHlzOVsSi.jpg,val,2,T10_014
T10_d10_080_b_2_jpg.rf.OHUgPuMJdGb1YV0hP7X8.jpg,val,2,T10_080
T10_d10_385_a_2_jpg.rf.dyjClNRDQCH7PSX5QX2r.jpg,val,2,T10_385
T10_d10_451_a_2_jpg.rf.3cSkhorRTKoD6D3vFvrh.jpg,val,2,T10_451
T10_d10_451_b_2_jpg.rf.ttAURO8eppTXjLMAl8da.jpg,val,2,T10_451
T20_d02_010_a_2_jpg.rf.qrKhW3EICT4tVgc2kklX.jpg,val,2,T20_010
T20_d02_075_b_2_jpg.rf.tOr41QDTyIPAJIu01Nzt.jpg,val,2,T20_075
T20_d02_151_a_2_jpg.rf.nyjaLq0YJ3uB3iitu9tY.jpg,val,2,T20_151
T20_d02_453_b_2_jpg.rf.gZGQLHwSLJeFtstXH6mq.jpg,val,2,T20_453
T20_d03_199_b_2_jpg.rf.SzuO9o0V7WadqBEhxKy5.jpg,val,2,T20_199
T20_d03_239_b_2_jpg.rf.qoxB6roeHLE3y7BejeIU.jpg,val,2,T20_239
T20_d03_334_a_2_jpg.rf.7qL3ROU3v3EAtneZ81cc.jpg,val,2,T20_334
T20_d03_371_b_2_jpg.rf.6ZmXWqJFjVZ8cMDZs5Io.jpg,val,2,T20_371
T20_d04_363_b_2_jpg.rf.MbCPbUihx7ljl75vhSxd.jpg,val,2,T20_363
T20_d05_176_a_2_jpg.rf.ofwjXqTor4awRrgDKP3M.jpg,val,2,T20_176
Tam_d03_068_a_2_jpg.rf.hQm3ksdmF1iRtKVaPubh.jpg,val,2,Tam_068
Tam_d03_088_a_2_jpg.rf.0lO7FYiXp3Wpemwii0pW.jpg,val,2,Tam_088
Tam_d03_088_b_2_jpg.rf.oNEIa9kTu3zRKorIRQi8.jpg,val,2,Tam_088
Tam_d03_175_b_2_jpg.rf.KrbqflvOMkYalDR3zw11.jpg,val,2,Tam_175
Tam_d03_201_a_2_jpg.rf.MPbTIpYn4gVfQmPeGMMZ.jpg,val,2,Tam_201
Tam_d03_201_b_2_jpg.rf.HQH5Mt7GGJUg9z5k1DNA.jpg,val,2,Tam_201
Tam_d03_397_a_2_jpg.rf.cFCSZmtdDAypfHYslGJ1.jpg,val,2,Tam_397
Tam_d04_068_b_2_jpg.rf.FepzylpG9bdqILR6AWfZ.jpg,val,2,Tam_068
Tam_d04_197_a_2_jpg.rf.Jm9KKXY6BbnGRBtLBZtL.jpg,val,2,Tam_197
Tam_d04_197_b_2_jpg.rf.C8AqQjKS32kWitrM5ISw.jpg,val,2,Tam_197
Tam_d04_428_b_2_jpg.rf.wNpPKemVh8h8pJKCxqGs.jpg,val,2,Tam_428
Tam_d05_364_b_2_jpg.rf.dL2DKRgUsoydMpZ9fH5v.jpg,val,2,Tam_364
Tam_d05_474_b_2_jpg.rf.svYeU4GknruRMQ4cqnFc.jpg,val,2,Tam_474
Tam_d06_230_b_2_jpg.rf.dJmDaAHgIF02BhJppBcV.jpg,val,2,Tam_230
Tam_d06_340_b_2_jpg.rf.wYOb9KQnGuelIp1zFV6Z.jpg,val,2,Tam_340
Tam_d06_407_b_2_jpg.rf.Zou3D6MskxjQvnVN8NBX.jpg,val,2,Tam_407
T10_d07_065_a_3_jpg.rf.292rqSJTsBleakw98n5O.jpg,val,3,T10_065
T10_d09_399_b_3_jpg.rf.7RnpMoo6qBkoAViA4B9c.jpg,val,3,T10_399
T10_d10_018_a_3_jpg.rf.S442UHOdzM42Mhf51TMu.jpg,val,3,T10_018
T10_d10_018_b_3_jpg.rf.telEXwG70BCPUOxiNLwi.jpg,val,3,T10_018
T10_d11_072_b_3_jpg.rf.vUbyWbJuX58S13rQV8aL.jpg,val,3,T10_072
T10_d11_253_a_3_jpg.rf.lmEWJg4eVSSGeFN2WBqg.jpg,val,3,T10_253
T10_d11_402_a_3_jpg.rf.nJBzmUv3s7je4e3eM4lx.jpg,val,3,T10_402
T10_d11_406_a_3_jpg.rf.sbqyRhw4jFlNGSzTfa4Q.jpg,val,3,T10_406
T10_d12_041_a_3_jpg.rf.1GS2JDnaFwkYnteq4HmG.jpg,val,3,T10_041
T10_d12_072_a_3_jpg.rf.kStrBxTefbzCKTnypir7.jpg,val,3,T10_072
T10_d12_087_a_3_jpg.rf.wk2AMIZe0dt2PREfDzec.jpg,val,3,T10_087
T10_d12_220_a_3_jpg.rf.L8XjsYfqPRg3T3G41Z2g.jpg,val,3,T10_220
T10_d12_385_a_3_jpg.rf.IBkboBPST7E4s061OL1g.jpg,val,3,T10_385
T10_d12_393_a_3_jpg.rf.mBM3HHU2gJsWHC3iHP67.jpg,val,3,T10_393
T10_d12_450_a_3_jpg.rf.NLexLZuLJySQiI7qJ9Af.jpg,val,3,T10_450
T10_d12_450_b_3_jpg.rf.7GNxQfHUW4EUsZ0wi6Al.jpg,val,3,T10_450
T10_d13_254_b_3_jpg.rf.Sx2A51UpHbfPtGS09ZNa.jpg,val,3,T10_254
T10_d13_368_b_3_jpg.rf.eygl1yG7AKyaExEB002f.jpg,val,3,T10_368
T10_d13_406_b_3_jpg.rf.onjDCfgsR6KNYvPZD9OI.jpg,val,3,T10_406
T10_d13_430_a_3_jpg.rf.hz5RykfTVtcUZdr0g8Nt.jpg,val,3,T10_430
T10_d14_014_a_3_jpg.rf.4VQeZuX98ZrBplVJPsrH.jpg,val,3,T10_014
T10_d14_254_a_3_jpg.rf.CRkMN0C3vgTAE8lbUCbZ.jpg,val,3,T10_254
T10_d14_368_a_3_jpg.rf.YrDfhVDDhUA823ZwpqoP.jpg,val,3,T10_368
T10_d14_368_b_3_jpg.rf.N3Bu9MlI5cNZRTuUuQsY.jpg,val,3,T10_368
T10_d14_411_a_3_jpg.rf.SGg9zcGxBNZpZOTeiBxK.jpg,val,3,T10_411
T10_d14_451_b_3_jpg.rf.VywPyJdEGO9gRK4UfKoa.jpg,val,3,T10_451
T10_d14_452_b_3_jpg.rf.7tuBRfxhARyTgashwXNJ.jpg,val,3,T10_452
T10_d15_058_a_3_jpg.rf.11PL10mkolywOR6MQBwZ.jpg,val,3,T10_058
T10_d15_186_b_3_jpg.rf.4lG44dXaKeGhAHoHFZzQ.jpg,val,3,T10_186
T10_d15_220_a_3_jpg.rf.30DEPwJMiddit6tjXO8V.jpg,val,3,T10_220
T10_d15_292_b_3_jpg.rf.v8EzoMKSkDmnvZCtZQ0R.jpg,val,3,T10_292
T10_d15_368_a_3_jpg.rf.s6k1fRREpM6XQ1HRRHD0.jpg,val,3,T10_368
T10_d15_375_b_3_jpg.rf.1cTX7oIaOp9mfYqg93oo.jpg,val,3,T10_375
T10_d15_411_b_3_jpg.rf.688LqXx8aZ0U6LoZlSaZ.jpg,val,3,T10_411
T10_d16_111_b_3_jpg.rf.6l87PHeI1hlm7pr5k0Kq.jpg,val,3,T10_111
T10_d16_186_b_3_jpg.rf.u20a7xRx7pGfInHuyLZ1.jpg,val,3,T10_186
T10_d17_292_b_3_jpg.rf.xyp2dvhy2gEwfxg8WcZy.jpg,val,3,T10_292
T10_d17_411_a_3_jpg.rf.njkKUiVnZ9GQXVFRAXii.jpg,val,3,T10_411
T20_d05_153_a_3_jpg.rf.3Fmn4fiEh3C5FAyoMCRd.jpg,val,3,T20_153
T20_d05_153_b_3_jpg.rf.oJOOSzdb8Dsp5nnMfep3.jpg,val,3,T20_153
T20_d05_224_a_3_jpg.rf.0HyIG60xFJZfsMLfhjOJ.jpg,val,3,T20_224
T20_d05_291_a_3_jpg.rf.S1LC9mTTzX8fGHfnr819.jpg,val,3,T20_291
T20_d05_291_b_3_jpg.rf.QARRZmZ8x4JLVv61RVLo.jpg,val,3,T20_291
T20_d07_239_a_3_jpg.rf.FgOvCqK53WGYfbS54Lyk.jpg,val,3,T20_239
T20_d07_371_a_3_jpg.rf.GJtnHlHRsAXIVghlDYpc.jpg,val,3,T20_371
T20_d07_383_a_3_jpg.rf.j5ny71TQ8JYz9vt5zUgO.jpg,val,3,T20_383
Tam_d04_062_b_3_jpg.rf.B5Yenm8Zg0HcT98A2lJ7.jpg,val,3,Tam_062
Tam_d05_175_a_3_jpg.rf.hwFsz29tjZYEuIxR0qmf.jpg,val,3,Tam_175
Tam_d06_088_a_3_jpg.rf.GgeraNZYF8eiMYe2Ja7p.jpg,val,3,Tam_088
Tam_d06_474_a_3_jpg.rf.VQEBwnKV4i8zutK91Z27.jpg,val,3,Tam_474
Tam_d06_474_b_3_jpg.rf.3JZBUCPUlsDwna5BZTOl.jpg,val,3,Tam_474
T10_d08_065_a_4_jpg.rf.Ci5s3mLzJN0tltkDADmU.jpg,val,4,T10_065
T10_d10_399_b_4_jpg.rf.KjXiPidsR08Pxnj3vSIK.jpg,val,4,T10_399
T10_d14_398_a_4_jpg.rf.1YyFHMj0uYsmiH5Pkm74.jpg,val,4,T10_398
T10_d18_087_a_4_jpg.rf.L3qDsmTctzP3Gz7QQpYe.jpg,val,4,T10_087
T10_d18_087_b_4_jpg.rf.fW4Ax3Vyh7qREhAWERPF.jpg,val,4,T10_087
T10_d18_111_a_4_jpg.rf.66YNOD6ZvjDEhXrAe4MK.jpg,val,4,T10_111
T10_d18_253_b_4_jpg.rf.g10rcFq9zAwZaLYwL6PO.jpg,val,4,T10_253
T10_d18_292_a_4_jpg.rf.XLY68lkAxF8yIzvQxxHP.jpg,val,4,T10_292
T10_d18_310_a_4_jpg.rf.27s42SE9zXb0yrAXFY0S.jpg,val,4,T10_310
T10_d18_450_b_4_jpg.rf.4AoOgpTIuPi6qc9cmRSt.jpg,val,4,T10_450
T10_d18_451_b_4_jpg.rf.BdFm8RpKGc5EzXSIVlzT.jpg,val,4,T10_451
T10_d18_452_a_4_jpg.rf.sJcNOsEwtq1bpscJK0OW.jpg,val,4,T10_452
T10_d20_220_a_4_jpg.rf.fYCKLdRuyYWEeWl9k5pz.jpg,val,4,T10_220
T10_d20_292_b_4_jpg.rf.8BjLkUC4iEwemgfErKfD.jpg,val,4,T10_292
T10_d20_398_a_4_jpg.rf.qx3fZpHv3a8R8HPg7Vp3.jpg,val,4,T10_398
T10_d22_220_b_4_jpg.rf.0JP0xGuBTpiijhnUoEcK.jpg,val,4,T10_220
T10_d23_111_a_4_jpg.rf.bsNFiIxFWU82cwbp9xny.jpg,val,4,T10_111
T10_d24_478_a_4_jpg.rf.FdH8lSVHFCxxbLUTEx0l.jpg,val,4,T10_478
T20_d05_151_b_4_jpg.rf.aEdJ5DOP08C7mL7yYUqd.jpg,val,4,T20_151
T20_d06_006_b_4_jpg.rf.6xT6RO1t3Z7Xxqz99SEW.jpg,val,4,T20_006
T20_d06_151_b_4_jpg.rf.AnzZX1Sfpen4bsOyqCHw.jpg,val,4,T20_151
T20_d07_006_a_4_jpg.rf.h2fY9WQdRMOrNYOsaRhb.jpg,val,4,T20_006
T20_d07_176_a_4_jpg.rf.f9sMz12PVWKbX3dorZmY.jpg,val,4,T20_176
T20_d08_006_a_4_jpg.rf.eGX6oQqKZ4kzLJfvJOEY.jpg,val,4,T20_006
T20_d08_309_b_4_jpg.rf.xtHCLLCQrDG7lngMESc7.jpg,val,4,T20_309
T20_d09_063_b_4_jpg.rf.o63GnIGqBSjKdwz1jTgv.jpg,val,4,T20_063
T20_d09_224_b_4_jpg.rf.iq5ni2K258wFnYR5SJ1K.jpg,val,4,T20_224
T20_d09_334_a_4_jpg.rf.2w9XZWFWDVNQHsVcj3Rj.jpg,val,4,T20_334
Tam_d06_403_b_4_jpg.rf.6AZ2a5icaV9wXM16Xf8B.jpg,val,4,Tam_403
Tam_d07_079_b_4_jpg.rf.DZCJdWzAg0EzF2hMgZCz.jpg,val,4,Tam_079
Tam_d07_088_a_4_jpg.rf.RzgrzpmQtLnZbUHbEAnn.jpg,val,4,Tam_088
Tam_d07_088_b_4_jpg.rf.a6XvWngCssmj3JjbZuBS.jpg,val,4,Tam_088
Tam_d07_175_a_4_jpg.rf.jWiOrhJ0BGzGmcVHI2M6.jpg,val,4,Tam_175
Tam_d07_341_b_4_jpg.rf.kOdCPMaMjVKLhdoqszDf.jpg,val,4,Tam_341
Tam_d07_403_a_4_jpg.rf.blvCcxR8yG9WQcS99koc.jpg,val,4,Tam_403
Tam_d08_062_b_4_jpg.rf.DTXg3vYxeIXRUpAupfpQ.jpg,val,4,Tam_062
Tam_d08_340_b_4_jpg.rf.2kQT6oIhe0drM04pDOhg.jpg,val,4,Tam_340
Tam_d08_424_b_4_jpg.rf.n6FYfpeyQ4GVGIvKMztq.jpg,val,4,Tam_424
Tam_d08_428_b_4_jpg.rf.65wZB7kNjtgT4RG5fnHv.jpg,val,4,Tam_428
Tam_d09_397_a_4_jpg.rf.rTmcPgRSn8ZjfERD6LrJ.jpg,val,4,Tam_397
T10_d17_012_b_5_jpg.rf.GfziauycAVbZG5DnyAtj.jpg,val,5,T10_012
T10_d17_399_b_5_jpg.rf.RanbOJ8rFCYLaL4dZ0OU.jpg,val,5,T10_399
T10_d18_399_b_5_jpg.rf.PcgNMy4YGt6oRgeKxBZQ.jpg,val,5,T10_399
T10_d19_012_b_5_jpg.rf.wLGltHnRthXNs8LXoz6h.jpg,val,5,T10_012
T10_d19_058_b_5_jpg.rf.obwwcw8uikzxJGrzgYXH.jpg,val,5,T10_058
T10_d19_072_b_5_jpg.rf.tg3FMm5PQUfoAchNLWT8.jpg,val,5,T10_072
T10_d20_035_a_5_jpg.rf.VHEJ0Y0AWNudIOfxNxuz.jpg,val,5,T10_035
T10_d20_058_b_5_jpg.rf.slRDth8FLoYyHhYmmO4O.jpg,val,5,T10_058
T10_d21_012_a_5_jpg.rf.K3g9JSGNapdb5j5xy9ij.jpg,val,5,T10_012
T10_d21_292_a_5_jpg.rf.7xv3vq5CTwvHmGKvYFCC.jpg,val,5,T10_292
T10_d22_254_a_5_jpg.rf.oE4ZBoNVPMTVX6LeaaXK.jpg,val,5,T10_254
T10_d22_353_a_5_jpg.rf.uJWRznvG9NYJfWa2ho60.jpg,val,5,T10_353
T10_d22_353_b_5_jpg.rf.d4xD2hUOPepXuUssqlyz.jpg,val,5,T10_353
T10_d22_385_a_5_jpg.rf.wNm5tptJozAFf70LqcmQ.jpg,val,5,T10_385
T10_d23_012_a_5_jpg.rf.s4meRt3qIKF56GNpXuzL.jpg,val,5,T10_012
T10_d23_041_a_5_jpg.rf.uETznwGBnoyTGuEvW0UE.jpg,val,5,T10_041
T10_d23_136_b_5_jpg.rf.mw461WEBlOanM5EwOPhb.jpg,val,5,T10_136
T10_d23_254_b_5_jpg.rf.U6ZwVBhsoWQQGQIhO5B9.jpg,val,5,T10_254
T10_d23_385_b_5_jpg.rf.1Flu9SWlzqkjkuJbbd8Z.jpg,val,5,T10_385
T10_d24_041_a_5_jpg.rf.DOPtEaO9NpiSkwNAKSgj.jpg,val,5,T10_041
T10_d24_072_b_5_jpg.rf.UwyFyGXLMJ0SlDabGOyv.jpg,val,5,T10_072
T10_d25_087_b_5_jpg.rf.1163gGz7hqppoaamPZiR.jpg,val,5,T10_087
T10_d25_111_b_5_jpg.rf.I255ZGDr5TSF1Zedro4O.jpg,val,5,T10_111
T10_d25_254_b_5_jpg.rf.ri7sswhcRntviy65wGoE.jpg,val,5,T10_254
T10_d25_406_a_5_jpg.rf.7uvHyK2z05BuLH1esbML.jpg,val,5,T10_406
T10_d26_014_a_5_jpg.rf.My9wtHrBdtcZXfyTBdmZ.jpg,val,5,T10_014
T10_d26_087_a_5_jpg.rf.sFtuSItTwSL3UVLSGA0H.jpg,val,5,T10_087
T10_d26_292_b_5_jpg.rf.0E5jGZlnfXj14wCGuXFs.jpg,val,5,T10_292
T10_d26_353_a_5_jpg.rf.OJRNQU8qvOlwlgzhJRBQ.jpg,val,5,T10_353
T10_d26_399_a_5_jpg.rf.NCgnEl77jN0Bh1CCdkl5.jpg,val,5,T10_399
T20_d10_334_a_5_jpg.rf.dzppvyhXzs804RZkqq88.jpg,val,5,T20_334
T20_d10_334_b_5_jpg.rf.9VT9vrM1G0H7TjCo9JvS.jpg,val,5,T20_334
T20_d10_383_b_5_jpg.rf.TjhEvuJzUCslmCjD5yHC.jpg,val,5,T20_383
T20_d11_075_a_5_jpg.rf.cbUE9VljJhnYGdPGZvEH.jpg,val,5,T20_075
T20_d11_153_a_5_jpg.rf.poMox2qd6Wd5fdJfpLUX.jpg,val,5,T20_153
T20_d11_176_a_5_jpg.rf.84vVfmqRRjZteYkC89xd.jpg,val,5,T20_176
T20_d11_224_b_5_jpg.rf.47INLNbYSwteBS29inIa.jpg,val,5,T20_224
Tam_d09_019_b_5_jpg.rf.qTjNiX9ROAlIZ5MUQyuL.jpg,val,5,Tam_019
Tam_d09_068_a_5_jpg.rf.097aZd9JLDCLePMTHt9T.jpg,val,5,Tam_068
Tam_d09_197_b_5_jpg.rf.1jOsoyald4jHtanB5AwF.jpg,val,5,Tam_197
Tam_d09_301_a_5_jpg.rf.GvFr20aZTKc1h3ONC2hS.jpg,val,5,Tam_301
Tam_d09_340_a_5_jpg.rf.iEiUdqLaZPgffWdM05k9.jpg,val,5,Tam_340
Tam_d10_068_b_5_jpg.rf.efXdjEtxvaEBZ8fHSCjz.jpg,val,5,Tam_068
Tam_d10_088_b_5_jpg.rf.aBoIhl4wAdBeCOKifqRL.jpg,val,5,Tam_088
Tam_d10_175_b_5_jpg.rf.BdJYAbkSDVKZiYlYU5G3.jpg,val,5,Tam_175
Tam_d10_184_a_5_jpg.rf.JLbdQLV2S5urNEl3EyjX.jpg,val,5,Tam_184
Tam_d10_340_a_5_jpg.rf.wp2wRooMJi02RFw2ACUE.jpg,val,5,Tam_340
Tam_d11_070_a_5_jpg.rf.cBl4ORGIU6fgZTlEagQz.jpg,val,5,Tam_070
Tam_d11_428_b_5_jpg.rf.bdY3YGO6hGT7EOFyiuvJ.jpg,val,5,Tam_428
