epoca,seg,perdida_train,val_iou_palta,val_dice_palta,val_precision_palta,val_recall_palta,val_iou_defecto,val_dice_defecto,val_precision_defecto,val_recall_defecto,val_acc_madurez,val_f1_madurez,val_score,val_perdida
1,194.0,3.144,0.9909,0.9954,0.9914,0.9995,0.3179,0.4824,0.5614,0.4229,0.6724,0.6014,0.4596,2.2333
2,162.8,2.2907,0.9945,0.9972,0.995,0.9994,0.2403,0.3875,0.753,0.2609,0.6509,0.641,0.4407,1.8946
3,170.3,2.0692,0.9903,0.9951,0.9915,0.9988,0.2055,0.341,0.3914,0.3021,0.6121,0.5981,0.4018,2.3817
4,166.8,2.0457,0.9953,0.9976,0.9962,0.999,0.2637,0.4173,0.8144,0.2805,0.4655,0.4037,0.3337,3.7461
5,170.1,1.9613,0.9956,0.9978,0.9967,0.9989,0.2094,0.3463,0.8961,0.2146,0.6681,0.6283,0.4189,1.99
6,165.7,1.9143,0.9962,0.9981,0.9978,0.9984,0.3263,0.492,0.7885,0.3576,0.6681,0.6357,0.481,2.0672
7,165.7,1.8607,0.9958,0.9979,0.9974,0.9984,0.3515,0.5201,0.5716,0.4772,0.6336,0.5917,0.4716,2.4515
8,170.9,1.8453,0.9956,0.9978,0.9965,0.9991,0.3625,0.5322,0.7177,0.4228,0.6509,0.6301,0.4963,2.0041
9,168.4,1.7906,0.9956,0.9978,0.9963,0.9992,0.2945,0.455,0.8296,0.3135,0.694,0.6515,0.473,1.953
10,165.8,1.7807,0.9959,0.9979,0.9967,0.9992,0.3245,0.49,0.82,0.3494,0.694,0.6813,0.5029,1.9435
11,164.3,1.7594,0.9949,0.9974,0.9953,0.9996,0.3183,0.4829,0.8065,0.3446,0.694,0.6788,0.4985,1.9703
12,166.1,1.7397,0.9955,0.9978,0.9965,0.999,0.2788,0.436,0.8592,0.2922,0.7155,0.7119,0.4954,1.8187
13,167.3,1.7099,0.9957,0.9979,0.9964,0.9993,0.3126,0.4763,0.7986,0.3393,0.7414,0.7282,0.5204,1.7308
14,167.0,1.6868,0.9957,0.9979,0.9965,0.9992,0.3339,0.5007,0.7888,0.3667,0.75,0.732,0.533,1.7278
15,167.0,1.6836,0.9959,0.998,0.9966,0.9993,0.3516,0.5202,0.7897,0.3879,0.6379,0.6233,0.4874,2.3761
16,166.7,1.6521,0.9957,0.9978,0.9963,0.9993,0.3768,0.5474,0.7116,0.4448,0.7586,0.7419,0.5594,1.6262
17,166.9,1.6189,0.9953,0.9977,0.9958,0.9995,0.3713,0.5416,0.643,0.4677,0.7759,0.7618,0.5666,1.5757
18,166.6,1.6084,0.9959,0.9979,0.9966,0.9993,0.3374,0.5045,0.8191,0.3646,0.694,0.6775,0.5075,2.0353
19,166.7,1.5919,0.9964,0.9982,0.9975,0.999,0.3606,0.5301,0.7905,0.3988,0.7802,0.7693,0.565,1.5256
20,166.7,1.6101,0.9957,0.9978,0.9963,0.9994,0.3523,0.5211,0.7459,0.4004,0.7371,0.7239,0.5381,1.8767
21,166.5,1.5866,0.9958,0.9979,0.9964,0.9994,0.3806,0.5514,0.7411,0.439,0.7457,0.7241,0.5524,1.7499
22,166.7,1.533,0.9965,0.9983,0.9977,0.9988,0.3822,0.553,0.7364,0.4427,0.7328,0.7172,0.5497,1.8622
23,166.8,1.5256,0.9962,0.9981,0.9971,0.9991,0.341,0.5086,0.7878,0.3756,0.7759,0.7614,0.5512,1.7316
24,166.6,1.5128,0.9961,0.998,0.9967,0.9993,0.3629,0.5325,0.7545,0.4115,0.7586,0.7469,0.5549,1.8996
25,166.6,1.4936,0.9954,0.9977,0.9958,0.9996,0.3617,0.5313,0.7702,0.4055,0.7284,0.7255,0.5436,1.792
26,166.9,1.5119,0.9958,0.9979,0.9964,0.9994,0.366,0.5359,0.784,0.407,0.7198,0.712,0.539,1.7229
27,166.8,1.4653,0.9961,0.998,0.9968,0.9993,0.3841,0.555,0.7291,0.448,0.7155,0.7125,0.5483,1.9225
28,166.9,1.4508,0.996,0.998,0.9967,0.9994,0.3559,0.525,0.7822,0.3951,0.7026,0.6998,0.5279,2.0764
29,827.9,1.4637,0.9962,0.9981,0.997,0.9992,0.3693,0.5394,0.7743,0.4139,0.7543,0.7391,0.5542,1.7263
30,165.3,1.4496,0.9956,0.9978,0.9962,0.9994,0.3744,0.5448,0.784,0.4175,0.7241,0.7084,0.5414,1.7686
31,166.3,1.4241,0.9957,0.9978,0.9963,0.9994,0.3905,0.5617,0.7177,0.4614,0.7716,0.7654,0.578,1.6352
32,168.1,1.409,0.996,0.998,0.9966,0.9994,0.3392,0.5066,0.8251,0.3655,0.7457,0.7362,0.5377,1.7061
33,165.2,1.4391,0.9959,0.998,0.9965,0.9994,0.381,0.5517,0.7505,0.4362,0.7716,0.755,0.568,1.6466
34,166.7,1.3883,0.9956,0.9978,0.9961,0.9995,0.3433,0.5111,0.8138,0.3725,0.7543,0.7466,0.5449,1.7281
35,168.2,1.3919,0.9958,0.9979,0.9963,0.9995,0.3664,0.5363,0.786,0.407,0.7241,0.7266,0.5465,1.7343
36,165.0,1.3793,0.9958,0.9979,0.9964,0.9994,0.3644,0.5342,0.7921,0.403,0.7672,0.7594,0.5619,1.6043
37,163.4,1.3356,0.9958,0.9979,0.9964,0.9994,0.396,0.5674,0.7427,0.459,0.7759,0.761,0.5785,1.7062
38,163.1,1.3444,0.9962,0.9981,0.997,0.9992,0.3652,0.535,0.7892,0.4047,0.7198,0.7075,0.5363,1.8917
39,162.7,1.3229,0.9961,0.998,0.9968,0.9993,0.3668,0.5367,0.8123,0.4007,0.7586,0.745,0.5559,1.6124
40,162.9,1.3258,0.9959,0.998,0.9965,0.9994,0.3667,0.5366,0.7871,0.4071,0.7845,0.7778,0.5722,1.5793
41,162.3,1.2991,0.9961,0.9981,0.9968,0.9994,0.3474,0.5157,0.82,0.3761,0.7543,0.7496,0.5485,1.8655
42,161.8,1.2802,0.996,0.998,0.9965,0.9994,0.3892,0.5604,0.7849,0.4357,0.75,0.7477,0.5685,1.6799
43,161.8,1.2716,0.996,0.998,0.9967,0.9993,0.3562,0.5253,0.8015,0.3907,0.7371,0.7363,0.5463,1.8413
44,161.9,1.2689,0.9962,0.9981,0.997,0.9992,0.3777,0.5483,0.7842,0.4215,0.7845,0.7781,0.5779,1.6918
45,161.7,1.2693,0.9959,0.998,0.9965,0.9994,0.3887,0.5598,0.7736,0.4386,0.7716,0.7677,0.5782,1.6604
46,161.6,1.2413,0.9963,0.9982,0.9972,0.9991,0.3857,0.5567,0.7748,0.4344,0.7672,0.7647,0.5752,1.7432
47,161.4,1.2185,0.996,0.998,0.9967,0.9993,0.3631,0.5328,0.8208,0.3944,0.7457,0.7438,0.5534,1.8432
48,161.7,1.2141,0.996,0.998,0.9966,0.9994,0.3846,0.5555,0.7861,0.4296,0.7543,0.7539,0.5692,1.8066
49,161.6,1.2176,0.9958,0.9979,0.9963,0.9995,0.3801,0.5508,0.7774,0.4265,0.75,0.747,0.5636,1.8909
50,161.7,1.2151,0.9958,0.9979,0.9963,0.9995,0.3775,0.5481,0.7413,0.4347,0.7328,0.726,0.5517,1.836
51,161.4,1.2043,0.9959,0.9979,0.9964,0.9994,0.3801,0.5509,0.7834,0.4248,0.7586,0.7539,0.567,1.688
52,161.5,1.1717,0.996,0.998,0.9967,0.9993,0.3772,0.5477,0.7902,0.4191,0.7198,0.716,0.5466,1.8889
53,161.5,1.1553,0.9961,0.998,0.9968,0.9993,0.41,0.5815,0.7358,0.4808,0.7026,0.7031,0.5566,1.9323
54,161.8,1.1506,0.9962,0.9981,0.9968,0.9994,0.3581,0.5274,0.815,0.3898,0.7629,0.7577,0.5579,1.6631
55,161.9,1.1219,0.9958,0.9979,0.9964,0.9995,0.3741,0.5445,0.7688,0.4215,0.7371,0.7302,0.5521,1.8822
56,161.4,1.1253,0.9961,0.9981,0.9968,0.9993,0.384,0.5549,0.8021,0.4242,0.7802,0.7721,0.5781,1.7921
57,161.6,1.1353,0.9958,0.9979,0.9964,0.9995,0.3894,0.5605,0.7623,0.4432,0.75,0.7472,0.5683,1.9039
