epoch,time,train/box_loss,train/seg_loss,train/cls_loss,train/dfl_loss,train/sem_loss,train/mad_loss,metrics/precision(B),metrics/recall(B),metrics/mAP50(B),metrics/mAP50-95(B),metrics/precision(M),metrics/recall(M),metrics/mAP50(M),metrics/mAP50-95(M),metrics/madurez_acc,metrics/madurez_f1,val/box_loss,val/seg_loss,val/cls_loss,val/dfl_loss,val/sem_loss,val/mad_loss,lr/pg0,lr/pg1,lr/pg2
1,57.2187,0.96067,2.03592,2.37673,1.39991,0,1.61278,0.92853,0.4228,0.53081,0.40479,0.92688,0.42308,0.51336,0.45658,0.21368,0.1068,1.13163,2.3146,2.66877,1.58392,0,1.57478,0.000550615,0.000550615,0.000550615
2,77.9144,0.99097,1.74238,1.16193,1.4079,0,1.42393,0.76663,0.24573,0.28893,0.22228,0.76663,0.24573,0.28953,0.234,0.21368,0.07042,1.77861,3.99278,3.48071,3.23047,0,4.43919,0.00109533,0.00109533,0.00109533
3,98.7341,0.95101,1.68924,1.06388,1.39529,0,1.12405,0.94833,0.30556,0.31515,0.28247,0.94833,0.30556,0.31474,0.30549,0.42735,0.25032,1.48768,7.62953,9.75165,2.40738,0,3.18378,0.00162904,0.00162904,0.00162904
4,119.432,0.94107,1.63135,1.01979,1.36669,0,1.0972,0.96728,0.39957,0.5083,0.43462,0.96728,0.39957,0.50121,0.3992,0.34615,0.25613,1.13473,2.64946,3.20832,1.58909,0,1.61673,0.00161749,0.00161749,0.00161749
5,140.161,0.88105,1.61355,0.96036,1.35596,0,1.07877,0.14241,0.09678,0.07159,0.02071,0.15455,0.09226,0.07389,0.03184,0.51282,0.36948,2.6537,4.76484,5.26327,3.29213,0,1.14844,0.00160099,0.00160099,0.00160099
6,160.34,0.87002,1.62214,0.90334,1.33775,0,1.0699,0.60253,0.62217,0.62663,0.52461,0.64597,0.60407,0.62615,0.55368,0.39744,0.3706,0.85919,1.62582,1.00844,1.365,0,1.08164,0.00158448,0.00158448,0.00158448
7,180.293,0.83698,1.58934,0.90462,1.31682,0,1.05562,0.63079,0.67162,0.61571,0.53391,0.63615,0.6448,0.59322,0.53891,0.56838,0.51562,0.85284,1.79026,0.93808,1.32684,0,0.94765,0.00156798,0.00156798,0.00156798
8,200.935,0.8224,1.58005,0.87885,1.29012,0,1.06089,0.67297,0.63546,0.62908,0.52119,0.68267,0.63575,0.62578,0.5565,0.61111,0.59301,0.8677,1.56976,0.97441,1.3335,0,0.87183,0.00155148,0.00155148,0.00155148
9,221.83,0.83102,1.54941,0.85491,1.28017,0,0.9668,0.6945,0.66968,0.6776,0.57077,0.73585,0.6475,0.65945,0.574,0.47009,0.42565,0.75028,1.56369,0.83419,1.2486,0,1.32662,0.00153497,0.00153497,0.00153497
10,242.949,0.78307,1.5132,0.82895,1.24854,0,1.01879,0.35714,0.49434,0.38745,0.25039,0.33957,0.47888,0.37405,0.20228,0.25214,0.13797,1.44461,4.06473,2.00426,1.82903,0,2.18797,0.00151847,0.00151847,0.00151847
11,263.588,0.7933,1.52424,0.83533,1.2654,0,0.96438,0.74041,0.681,0.65858,0.56238,0.75134,0.6629,0.66084,0.56882,0.51282,0.47792,0.72814,1.53598,0.77963,1.22255,0,0.98571,0.00150197,0.00150197,0.00150197
12,284.167,0.77873,1.56535,0.80704,1.25023,0,0.96824,0.54708,0.22358,0.30445,0.1273,0.57238,0.24882,0.36781,0.23657,0.49573,0.39795,2.05671,3.02511,3.33498,2.4643,0,1.02784,0.00148546,0.00148546,0.00148546
13,304.74,0.77208,1.51866,0.82046,1.23492,0,0.93038,0.72744,0.67421,0.67743,0.57517,0.7274,0.64253,0.65044,0.56679,0.51282,0.45218,0.69288,1.53646,0.7854,1.20267,0,1.02409,0.00146896,0.00146896,0.00146896
14,325.375,0.74545,1.48147,0.78635,1.21723,0,0.90676,0.7262,0.69457,0.69734,0.57885,0.73454,0.67873,0.67707,0.57718,0.5812,0.56166,0.72583,1.52796,0.79474,1.21183,0,0.96734,0.00145246,0.00145246,0.00145246
15,346.719,0.76245,1.43421,0.79096,1.22355,0,0.8921,0.73923,0.71493,0.70022,0.57385,0.71038,0.68778,0.66321,0.57314,0.61111,0.57367,0.72898,1.49267,0.7946,1.19876,0,0.95553,0.00143595,0.00143595,0.00143595
16,368.322,0.75189,1.43296,0.78402,1.22569,0,0.91475,0.77391,0.67873,0.70579,0.5841,0.77289,0.67338,0.69086,0.58951,0.60684,0.5587,0.7198,1.47526,0.76987,1.22117,0,0.83904,0.00141945,0.00141945,0.00141945
17,389.176,0.73475,1.43485,0.73931,1.19713,0,0.87262,0.71429,0.70588,0.68349,0.57848,0.67952,0.67873,0.64964,0.56881,0.5,0.46368,0.69641,1.4809,0.73808,1.1739,0,1.01062,0.00140295,0.00140295,0.00140295
18,410.321,0.7234,1.41133,0.76424,1.19897,0,1.01394,0.45715,0.34641,0.34785,0.22016,0.44197,0.32629,0.3113,0.17682,0.47009,0.39839,1.72452,2.80216,2.89409,2.16195,0,1.10616,0.00138644,0.00138644,0.00138644
19,431.643,0.72405,1.4366,0.74174,1.19719,0,0.95334,0.72587,0.67685,0.69418,0.57526,0.7318,0.66241,0.67561,0.5781,0.58974,0.54433,0.77186,1.58416,0.8039,1.24417,0,0.8585,0.00136994,0.00136994,0.00136994
20,452.805,0.72398,1.41345,0.72283,1.19439,0,0.90861,0.75872,0.71719,0.72742,0.5994,0.72819,0.69457,0.70094,0.5985,0.61111,0.57854,0.69722,1.48406,0.73438,1.18534,0,0.79545,0.00135344,0.00135344,0.00135344
21,474.496,0.7363,1.4115,0.73876,1.20833,0,0.86455,0.72933,0.6991,0.71515,0.59911,0.72142,0.71267,0.70769,0.59656,0.62821,0.59707,0.6704,1.41007,0.70357,1.15922,0,0.78433,0.00133693,0.00133693,0.00133693
22,495.42,0.7242,1.41746,0.72587,1.20165,0,0.86481,0.83494,0.68778,0.73886,0.58888,0.82653,0.67899,0.72476,0.60383,0.57265,0.52585,0.78831,1.47415,0.81291,1.26018,0,0.91363,0.00132043,0.00132043,0.00132043
23,516.234,0.71759,1.39105,0.71776,1.19052,0,0.87611,0.75937,0.72851,0.73243,0.60699,0.73307,0.717,0.70349,0.60068,0.64957,0.62253,0.6606,1.42427,0.71052,1.17043,0,0.80627,0.00130393,0.00130393,0.00130393
24,537.055,0.71399,1.41943,0.72478,1.18267,0,0.89704,0.78515,0.72172,0.75079,0.59971,0.80031,0.67195,0.69857,0.59193,0.61966,0.61145,0.68758,1.54623,0.73623,1.18206,0,0.84293,0.00128742,0.00128742,0.00128742
25,557.747,0.73081,1.41783,0.72042,1.19404,0,0.85806,0.77421,0.71493,0.72328,0.59555,0.75227,0.70136,0.7008,0.59385,0.65812,0.63996,0.6785,1.46347,0.74407,1.19202,0,0.79302,0.00127092,0.00127092,0.00127092
26,578.841,0.69618,1.37069,0.70063,1.17316,0,0.8496,0.79535,0.70835,0.74541,0.61393,0.78807,0.69621,0.71885,0.60476,0.61111,0.59808,0.63992,1.42267,0.67854,1.15325,0,0.83097,0.00125442,0.00125442,0.00125442
27,599.988,0.70528,1.3301,0.72367,1.184,0,0.8598,0.82062,0.70814,0.75928,0.62337,0.77975,0.681,0.71378,0.60967,0.63675,0.62174,0.6477,1.45253,0.68213,1.171,0,0.82159,0.00123791,0.00123791,0.00123791
28,619.682,0.6882,1.33003,0.69109,1.17779,0,0.85228,0.81221,0.70362,0.74684,0.6115,0.77337,0.69457,0.71956,0.60807,0.49573,0.4185,0.65062,1.43283,0.67168,1.15469,0,1.08261,0.00122141,0.00122141,0.00122141
29,639.491,0.67678,1.37064,0.67546,1.1653,0,0.82053,0.77672,0.71946,0.74952,0.61569,0.75303,0.70136,0.70816,0.60444,0.54701,0.52275,0.63803,1.40485,0.68869,1.15011,0,1.01719,0.00120491,0.00120491,0.00120491
30,659.422,0.68131,1.35187,0.68447,1.15914,0,0.81528,0.81761,0.7221,0.76446,0.61903,0.76759,0.68816,0.72205,0.60858,0.55128,0.51809,0.68515,1.47774,0.7615,1.19069,0,0.95966,0.0011884,0.0011884,0.0011884
31,679.196,0.6877,1.31379,0.68224,1.1623,0,0.8606,0.7625,0.72624,0.74276,0.61653,0.77431,0.70362,0.72963,0.61621,0.5812,0.55473,0.64336,1.37517,0.6844,1.15211,0,0.9876,0.0011719,0.0011719,0.0011719
32,699.47,0.67037,1.30161,0.66073,1.15279,0,0.84408,0.82268,0.73433,0.75513,0.62132,0.79207,0.70814,0.72519,0.61616,0.59402,0.56584,0.66585,1.48178,0.7083,1.18978,0,0.84338,0.0011554,0.0011554,0.0011554
33,719.515,0.67901,1.31002,0.66472,1.15659,0,0.78394,0.78633,0.71946,0.75089,0.61343,0.79412,0.68942,0.73014,0.61241,0.63248,0.59702,0.65009,1.45341,0.71749,1.15783,0,0.80312,0.00113889,0.00113889,0.00113889
34,739.751,0.66988,1.32655,0.66111,1.16325,0,0.82514,0.78043,0.74641,0.76445,0.63033,0.7571,0.72605,0.73462,0.62006,0.55556,0.51718,0.62406,1.40667,0.66427,1.14596,0,1.0173,0.00112239,0.00112239,0.00112239
35,760.578,0.63681,1.30029,0.63982,1.14526,0,0.83987,0.7848,0.71844,0.75172,0.62299,0.77786,0.69005,0.72564,0.61511,0.60256,0.58437,0.62537,1.37089,0.66595,1.1575,0,0.79591,0.00110589,0.00110589,0.00110589
36,781.355,0.66666,1.28117,0.64506,1.15269,0,0.80821,0.75663,0.73077,0.75368,0.61202,0.71848,0.71041,0.70993,0.60178,0.61111,0.60556,0.66257,1.41598,0.68081,1.16965,0,0.79986,0.00108938,0.00108938,0.00108938
37,802.173,0.68071,1.28435,0.64982,1.15538,0,0.82541,0.78725,0.73529,0.75019,0.61738,0.79937,0.71267,0.72963,0.61915,0.59402,0.57301,0.62242,1.38393,0.69557,1.15256,0,0.86738,0.00107288,0.00107288,0.00107288
38,822.851,0.66132,1.32315,0.63344,1.15815,0,0.80275,0.46997,0.14945,0.18939,0.11117,0.44506,0.13813,0.16205,0.08667,0.26496,0.15256,1.84371,3.80211,3.8199,2.15693,0,1.46572,0.00105638,0.00105638,0.00105638
39,843.64,0.66775,1.29568,0.65135,1.15417,0,0.79773,0.82467,0.71946,0.7601,0.6256,0.77842,0.70588,0.72654,0.61567,0.60256,0.56627,0.64068,1.39575,0.65262,1.16361,0,0.79497,0.00103987,0.00103987,0.00103987
40,864.412,0.66696,1.30857,0.64559,1.15991,0,0.77441,0.81077,0.72172,0.7635,0.62587,0.84279,0.68076,0.7305,0.6162,0.6453,0.63179,0.61267,1.38043,0.64091,1.12803,0,0.74731,0.00102337,0.00102337,0.00102337
41,885.187,0.67335,1.27065,0.62661,1.16096,0,0.77058,0.80712,0.70894,0.76491,0.62887,0.79438,0.70098,0.7406,0.62195,0.63248,0.61307,0.60868,1.40831,0.64197,1.13021,0,0.78716,0.00100687,0.00100687,0.00100687
42,905.296,0.65312,1.29924,0.62895,1.14332,0,0.79967,0.79833,0.73756,0.7763,0.6288,0.75037,0.6991,0.71445,0.61076,0.60684,0.60528,0.60458,1.43298,0.65498,1.13335,0,0.82831,0.000990365,0.000990365,0.000990365
43,925.394,0.64915,1.24831,0.64252,1.14102,0,0.77405,0.50695,0.63713,0.65447,0.47949,0.48894,0.60382,0.6218,0.4218,0.61966,0.58837,1.06503,2.50855,1.4201,1.50789,0,0.85979,0.000973861,0.000973861,0.000973861
44,945.556,0.65526,1.2659,0.64493,1.14628,0,0.77249,0.81568,0.67873,0.74207,0.62303,0.71092,0.73619,0.72295,0.6133,0.55556,0.49216,0.62299,1.3881,0.64476,1.15878,0,0.92729,0.000957358,0.000957358,0.000957358
45,965.608,0.64369,1.25976,0.61712,1.14278,0,0.78745,0.77463,0.74322,0.75983,0.62814,0.75776,0.71463,0.73828,0.62405,0.57692,0.55507,0.65507,1.42115,0.66888,1.17162,0,0.9311,0.000940855,0.000940855,0.000940855
46,986.563,0.66351,1.27838,0.61223,1.14464,0,0.7631,0.79869,0.72722,0.76161,0.63265,0.78527,0.6991,0.73861,0.62132,0.52137,0.494,0.62416,1.40404,0.63406,1.14297,0,0.915,0.000924352,0.000924352,0.000924352
47,1007.12,0.64605,1.22142,0.61672,1.13453,0,0.77623,0.78316,0.74911,0.77985,0.63412,0.7449,0.73529,0.7448,0.6229,0.6453,0.61133,0.63047,1.46824,0.6318,1.14275,0,0.80929,0.000907848,0.000907848,0.000907848
48,1027.98,0.63076,1.22935,0.61001,1.12303,0,0.78135,0.78405,0.76244,0.78002,0.63961,0.76494,0.74661,0.75993,0.63686,0.62821,0.613,0.60707,1.34302,0.62184,1.13427,0,0.73999,0.000891345,0.000891345,0.000891345
49,1048.77,0.63468,1.24787,0.59546,1.13108,0,0.74728,0.7854,0.74208,0.75994,0.62802,0.79074,0.70588,0.73205,0.61805,0.65812,0.63002,0.61813,1.4092,0.62391,1.14511,0,0.74267,0.000874842,0.000874842,0.000874842
50,1070.39,0.64353,1.2737,0.61128,1.12891,0,0.75453,0.79583,0.74434,0.76067,0.62957,0.77379,0.71639,0.72958,0.61445,0.57265,0.54774,0.64376,1.44208,0.66741,1.16003,0,0.98917,0.000858338,0.000858338,0.000858338
51,1092.14,0.62723,1.24525,0.60222,1.1312,0,0.75081,0.80228,0.73529,0.76172,0.63324,0.75437,0.7179,0.72549,0.61844,0.63248,0.62469,0.60353,1.41206,0.63061,1.13544,0,0.76303,0.000841835,0.000841835,0.000841835
52,1113.39,0.62043,1.24959,0.58805,1.12398,0,0.75306,0.76314,0.75745,0.76144,0.6349,0.75265,0.72851,0.73516,0.62611,0.55128,0.47997,0.61875,1.41128,0.65694,1.14521,0,1.08402,0.000825332,0.000825332,0.000825332
53,1135.03,0.63523,1.2319,0.60206,1.13106,0,0.73965,0.79872,0.74208,0.77244,0.63879,0.79163,0.70362,0.73011,0.62428,0.67094,0.66379,0.6085,1.38546,0.6559,1.13543,0,0.73451,0.000808828,0.000808828,0.000808828
54,1155.85,0.60602,1.18311,0.58505,1.11009,0,0.73703,0.78516,0.75265,0.76859,0.64064,0.7991,0.71267,0.73775,0.63046,0.63248,0.61012,0.61268,1.35644,0.62886,1.14883,0,0.85246,0.000792325,0.000792325,0.000792325
55,1177.12,0.61538,1.20692,0.57259,1.11283,0,0.73442,0.831,0.72485,0.76202,0.63644,0.81054,0.69173,0.7387,0.63058,0.59402,0.57039,0.60584,1.38048,0.64254,1.13745,0,0.88737,0.000775822,0.000775822,0.000775822
56,1198.58,0.62369,1.20205,0.58916,1.11676,0,0.71566,0.78939,0.74887,0.77172,0.63404,0.77361,0.73529,0.74637,0.62628,0.67094,0.66019,0.61621,1.3225,0.63529,1.15431,0,0.74641,0.000759318,0.000759318,0.000759318
57,1219.6,0.60767,1.18218,0.58198,1.10844,0,0.68854,0.79508,0.76018,0.78091,0.64521,0.77776,0.73303,0.7461,0.6336,0.67094,0.6437,0.60203,1.36944,0.61184,1.1327,0,0.73846,0.000742815,0.000742815,0.000742815
58,1240.7,0.60957,1.17704,0.58237,1.10647,0,0.707,0.77869,0.74957,0.76269,0.62828,0.78567,0.73623,0.74604,0.62567,0.61966,0.58721,0.65701,1.40781,0.66416,1.17982,0,0.93331,0.000726312,0.000726312,0.000726312
59,1261.94,0.61046,1.20782,0.56163,1.10523,0,0.74968,0.83647,0.75113,0.79049,0.64125,0.84352,0.71719,0.75446,0.62913,0.61111,0.60198,0.61792,1.39427,0.63159,1.14405,0,0.79794,0.000709809,0.000709809,0.000709809
60,1282.98,0.60328,1.15238,0.56793,1.10518,0,0.7387,0.79421,0.76018,0.77913,0.63885,0.78811,0.73982,0.7556,0.63091,0.65812,0.64439,0.60889,1.35922,0.62569,1.14688,0,0.75352,0.000693305,0.000693305,0.000693305
61,1303.96,0.59783,1.16109,0.55546,1.09275,0,0.71301,0.82204,0.74887,0.77481,0.63658,0.78134,0.73077,0.7408,0.62483,0.65385,0.6438,0.61984,1.37335,0.62458,1.14096,0,0.77756,0.000676802,0.000676802,0.000676802
62,1325.02,0.6139,1.19114,0.55744,1.10699,0,0.70818,0.77947,0.74887,0.76742,0.63436,0.75124,0.72851,0.73962,0.62463,0.64957,0.63077,0.6503,1.36748,0.63897,1.15225,0,0.74768,0.000660299,0.000660299,0.000660299
63,1346.23,0.60436,1.17426,0.55544,1.09617,0,0.73474,0.81863,0.74566,0.76529,0.63253,0.79762,0.72911,0.73101,0.62136,0.67521,0.66875,0.61781,1.42557,0.61777,1.14561,0,0.73594,0.000643795,0.000643795,0.000643795
64,1367.81,0.59544,1.15902,0.54429,1.09791,0,0.70145,0.81001,0.74434,0.78488,0.64284,0.80028,0.72398,0.75603,0.63513,0.62393,0.60189,0.63569,1.43078,0.61081,1.15391,0,0.86217,0.000627292,0.000627292,0.000627292
65,1388.86,0.58941,1.16198,0.54804,1.09707,0,0.67569,0.82501,0.74887,0.78414,0.64348,0.79841,0.72851,0.7445,0.62745,0.65812,0.65191,0.61447,1.4151,0.60583,1.13732,0,0.76111,0.000610789,0.000610789,0.000610789
66,1409.79,0.60035,1.15457,0.53692,1.1028,0,0.68917,0.81342,0.74887,0.77497,0.63887,0.78931,0.71946,0.72953,0.61863,0.68803,0.6665,0.61429,1.39792,0.60397,1.14335,0,0.78186,0.000594286,0.000594286,0.000594286
67,1430.25,0.63787,1.14369,0.55769,1.11855,0,0.73383,0.83574,0.7436,0.77509,0.63886,0.8243,0.71493,0.74143,0.62583,0.63675,0.61988,0.64953,1.39466,0.63248,1.15512,0,0.76069,0.000577782,0.000577782,0.000577782
68,1449.75,0.60616,1.14001,0.54524,1.10465,0,0.67222,0.82296,0.73077,0.77482,0.64059,0.80367,0.70191,0.74226,0.62998,0.66239,0.64835,0.61227,1.39496,0.60743,1.14618,0,0.78468,0.000561279,0.000561279,0.000561279
69,1469.23,0.58714,1.14576,0.54483,1.09428,0,0.6719,0.83454,0.72398,0.77255,0.64307,0.81908,0.70654,0.74688,0.62832,0.63248,0.61182,0.62429,1.40962,0.60148,1.15151,0,0.86194,0.000544776,0.000544776,0.000544776
70,1489.82,0.59032,1.14269,0.54851,1.09286,0,0.7081,0.82776,0.74002,0.77532,0.64404,0.80603,0.72418,0.75062,0.63281,0.61966,0.60078,0.60589,1.39706,0.58821,1.13993,0,0.84019,0.000528272,0.000528272,0.000528272
71,1510.87,0.58911,1.14019,0.5327,1.09996,0,0.72742,0.80786,0.76018,0.77499,0.63729,0.76318,0.73756,0.73352,0.62426,0.66239,0.65486,0.61163,1.38011,0.60103,1.14358,0,0.73469,0.000511769,0.000511769,0.000511769
72,1531.97,0.58423,1.1373,0.52481,1.09661,0,0.65615,0.81368,0.76644,0.78524,0.64311,0.78725,0.73982,0.75804,0.63008,0.68376,0.66858,0.61814,1.37712,0.61205,1.1426,0,0.80131,0.000495266,0.000495266,0.000495266
73,1553.39,0.57497,1.11714,0.53217,1.09171,0,0.64587,0.79612,0.76471,0.7669,0.63878,0.78418,0.74887,0.74644,0.62567,0.65812,0.6516,0.59521,1.39476,0.59673,1.14073,0,0.76989,0.000478762,0.000478762,0.000478762
74,1574.61,0.57363,1.1027,0.52335,1.07946,0,0.66588,0.79992,0.75339,0.7804,0.64581,0.80277,0.73982,0.757,0.6261,0.62393,0.61583,0.60738,1.41852,0.57926,1.14321,0,0.79743,0.000462259,0.000462259,0.000462259
75,1595.83,0.58243,1.09945,0.50853,1.0881,0,0.69072,0.79495,0.75427,0.76938,0.64115,0.78152,0.73952,0.75183,0.62697,0.65812,0.64389,0.60016,1.4232,0.60936,1.14542,0,0.77316,0.000445756,0.000445756,0.000445756
76,1617.25,0.57227,1.09764,0.50878,1.075,0,0.66036,0.81869,0.74498,0.7773,0.6467,0.80736,0.72961,0.75684,0.6341,0.67521,0.66449,0.6092,1.38991,0.58947,1.14539,0,0.73813,0.000429253,0.000429253,0.000429253
77,1638.16,0.57418,1.10026,0.51171,1.09996,0,0.65812,0.82189,0.76018,0.78472,0.64906,0.81445,0.73814,0.75406,0.62824,0.70513,0.69401,0.61885,1.41319,0.59167,1.15228,0,0.75176,0.000412749,0.000412749,0.000412749
78,1659.45,0.57018,1.11712,0.50985,1.07332,0,0.69584,0.82229,0.76018,0.79242,0.64746,0.79731,0.73303,0.75805,0.6331,0.67094,0.66377,0.61153,1.38136,0.57815,1.14028,0,0.78571,0.000396246,0.000396246,0.000396246
79,1680.23,0.56732,1.09794,0.50509,1.07524,0,0.62613,0.80734,0.76471,0.79008,0.6532,0.8142,0.74208,0.76196,0.63954,0.6453,0.63688,0.60005,1.40561,0.57768,1.13439,0,0.79801,0.000379743,0.000379743,0.000379743
80,1701.12,0.56352,1.08541,0.51566,1.06849,0,0.60916,0.8192,0.76018,0.78943,0.64641,0.78992,0.73404,0.7458,0.62766,0.65385,0.64029,0.60188,1.40902,0.58807,1.13572,0,0.82267,0.000363239,0.000363239,0.000363239
81,1722.06,0.5586,1.07923,0.50928,1.07065,0,0.67505,0.83374,0.76923,0.79697,0.65057,0.82483,0.73529,0.7627,0.63337,0.67094,0.66189,0.59246,1.43039,0.56184,1.12903,0,0.7765,0.000346736,0.000346736,0.000346736
82,1742.8,0.56341,1.08023,0.49815,1.07047,0,0.62939,0.86316,0.7559,0.80182,0.65546,0.85558,0.73303,0.76951,0.63774,0.64103,0.6254,0.59164,1.40706,0.54926,1.13227,0,0.84121,0.000330233,0.000330233,0.000330233
83,1763.66,0.55781,1.07376,0.49961,1.06718,0,0.63531,0.8285,0.76018,0.79716,0.64974,0.81285,0.74119,0.76437,0.63433,0.66239,0.63982,0.60008,1.4245,0.56462,1.13724,0,0.85164,0.000313729,0.000313729,0.000313729
84,1785.03,0.55153,1.06903,0.49692,1.06451,0,0.59654,0.81605,0.76018,0.79049,0.65302,0.79949,0.74661,0.75714,0.63842,0.65812,0.64932,0.57879,1.42601,0.54834,1.12701,0,0.79837,0.000297226,0.000297226,0.000297226
85,1805.67,0.54794,1.05851,0.48567,1.06348,0,0.59778,0.8292,0.75113,0.78873,0.64707,0.8143,0.73982,0.76202,0.63559,0.65812,0.6495,0.60591,1.43497,0.57088,1.14355,0,0.80664,0.000280723,0.000280723,0.000280723
86,1826.03,0.54598,1.05926,0.4883,1.06624,0,0.57193,0.81971,0.77149,0.78927,0.65037,0.79633,0.75339,0.75884,0.63307,0.60684,0.58899,0.60144,1.40066,0.57747,1.13811,0,0.86974,0.00026422,0.00026422,0.00026422
87,1846.36,0.54072,1.04975,0.47964,1.05847,0,0.61332,0.82743,0.76471,0.78798,0.6546,0.80497,0.74728,0.76055,0.64048,0.62821,0.60707,0.58954,1.41398,0.56862,1.12379,0,0.93988,0.000247716,0.000247716,0.000247716
88,1866.65,0.54003,1.04729,0.48392,1.0573,0,0.65244,0.82367,0.77828,0.79008,0.65103,0.80947,0.76054,0.7601,0.63487,0.6453,0.63083,0.58802,1.42647,0.56313,1.13168,0,0.87034,0.000231213,0.000231213,0.000231213
89,1886.8,0.53369,1.04377,0.46623,1.04965,0,0.61582,0.82344,0.77149,0.79183,0.65122,0.78856,0.74208,0.75415,0.63411,0.61966,0.59514,0.59703,1.42722,0.55989,1.1392,0,0.89368,0.00021471,0.00021471,0.00021471
90,1907.13,0.54066,1.03772,0.48034,1.07032,0,0.60508,0.8279,0.76923,0.78229,0.64765,0.81122,0.74661,0.75243,0.63209,0.60256,0.59403,0.59323,1.41844,0.57125,1.13691,0,0.80267,0.000198206,0.000198206,0.000198206
91,1927.87,0.53249,1.01668,0.46901,1.05758,0,0.58632,0.85524,0.75888,0.78971,0.65286,0.82772,0.73756,0.75612,0.63545,0.67949,0.67125,0.59656,1.45692,0.56786,1.13759,0,0.79065,0.000181703,0.000181703,0.000181703
92,1948.31,0.53077,1.0274,0.46659,1.05547,0,0.58053,0.82742,0.76018,0.79021,0.65257,0.80036,0.73756,0.7516,0.63468,0.63675,0.63024,0.59264,1.44378,0.57594,1.13313,0,0.83253,0.0001652,0.0001652,0.0001652
93,1968.44,0.53008,1.02267,0.45635,1.04959,0,0.60763,0.83025,0.77212,0.79061,0.65128,0.81563,0.73923,0.75779,0.63632,0.64103,0.6257,0.60451,1.45586,0.57141,1.14344,0,0.8417,0.000148696,0.000148696,0.000148696
94,1988.71,0.5233,1.00393,0.45753,1.05433,0,0.57851,0.82137,0.77376,0.78746,0.65009,0.80003,0.75566,0.75431,0.63126,0.67949,0.66848,0.60612,1.45473,0.5719,1.13567,0,0.7788,0.000132193,0.000132193,0.000132193
95,2009.08,0.51782,1.00131,0.45471,1.04147,0,0.55388,0.84153,0.76178,0.79724,0.65464,0.81481,0.73756,0.75984,0.63767,0.67949,0.67205,0.59878,1.45915,0.56691,1.13667,0,0.7777,0.00011569,0.00011569,0.00011569
96,2029.67,0.51957,1.01795,0.45859,1.05248,0,0.57695,0.81991,0.76018,0.79114,0.65349,0.7855,0.74887,0.75784,0.63937,0.63675,0.62607,0.59335,1.43341,0.56704,1.13605,0,0.82042,9.91865e-05,9.91865e-05,9.91865e-05
97,2050.37,0.51368,0.99118,0.45597,1.05157,0,0.53887,0.82061,0.76697,0.79984,0.65876,0.78937,0.75566,0.76531,0.64046,0.68803,0.67778,0.59715,1.465,0.56197,1.13596,0,0.77788,8.26832e-05,8.26832e-05,8.26832e-05
