modelo,area,area_cm2,limite_cat_i,limite_cat_ii,n_cat_i,n_cat_ii,n_rechazado,acierto_ocde,ic_inf,ic_sup,f1_macro_ocde,recall_rechazado
YOLOv8s-seg multitarea (propuesto),"Jewe, Etiopia (40.0 cm2)",40.0,0.1,0.15,72,9,27,0.7685185185185185,0.6481376262626263,0.8717999999999999,0.5950750750750751,0.5185185185185185
YOLOv8s-seg multitarea (propuesto),Valor actual (42.4 cm2),42.4,0.09433962264150944,0.14150943396226415,71,9,28,0.7777777777777778,0.6607142857142857,0.8837261212624584,0.6540021094574007,0.6071428571428571
YOLOv8s-seg multitarea (propuesto),"Upper Gana, Etiopia (46.5 cm2)",46.5,0.08602150537634409,0.12903225806451613,63,16,29,0.7592592592592593,0.6593277310924369,0.8559322033898306,0.6783775252525253,0.6551724137931034
YOLOv8s-seg multitarea (propuesto),"Mexico, calibre comercial (63.3 cm2)",63.3,0.06319115323854661,0.09478672985781991,53,18,37,0.8148148148148148,0.7173858146684233,0.8983083951271187,0.7779714957797149,0.7837837837837838
U-Net ResNet34 multitarea,"Jewe, Etiopia (40.0 cm2)",40.0,0.1,0.15,72,9,27,0.6296296296296297,0.5210040266106443,0.7381008010680907,0.4614246528002764,0.5925925925925926
U-Net ResNet34 multitarea,Valor actual (42.4 cm2),42.4,0.09433962264150944,0.14150943396226415,71,9,28,0.6203703703703703,0.5045871559633027,0.7407407407407407,0.4627530533042344,0.6071428571428571
U-Net ResNet34 multitarea,"Upper Gana, Etiopia (46.5 cm2)",46.5,0.08602150537634409,0.12903225806451613,63,16,29,0.6296296296296297,0.5309734513274337,0.7265802556818179,0.5163735336632759,0.6896551724137931
U-Net ResNet34 multitarea,"Mexico, calibre comercial (63.3 cm2)",63.3,0.06319115323854661,0.09478672985781991,53,18,37,0.6759259259259259,0.5749867021276596,0.7657705577918342,0.5969985971144317,0.8108108108108109
YOLOv8s-seg + ResNet-34,"Jewe, Etiopia (40.0 cm2)",40.0,0.1,0.15,72,9,27,0.8148148148148148,0.713041465378422,0.909837911682174,0.7081496075304125,0.48148148148148145
YOLOv8s-seg + ResNet-34,Valor actual (42.4 cm2),42.4,0.09433962264150944,0.14150943396226415,71,9,28,0.8240740740740741,0.732756486855582,0.906257301401869,0.7485024154589371,0.5357142857142857
YOLOv8s-seg + ResNet-34,"Upper Gana, Etiopia (46.5 cm2)",46.5,0.08602150537634409,0.12903225806451613,63,16,29,0.7777777777777778,0.6728971962616822,0.875,0.7028752321900426,0.5517241379310345
YOLOv8s-seg + ResNet-34,"Mexico, calibre comercial (63.3 cm2)",63.3,0.06319115323854661,0.09478672985781991,53,18,37,0.7777777777777778,0.682232370433305,0.8644111935028248,0.7151797697252243,0.6756756756756757
