archivo,madurez_real,madurez_pred,confianza_madurez,ratio_real,ratio_pred,ocde_real,ocde_pred,latencia_ms
T10_d02_275_a_1_jpg.rf.wWksDXX3C4hOPp493IwD.jpg,1,1,0.9942,0.23525,0.16606,Rechazado,Rechazado,263.97
T10_d02_392_a_1_jpg.rf.WT9U0IIvLbGnQGxyJYs3.jpg,1,1,0.9693,0.0264,0.02415,Categoria I,Categoria I,262.38
T10_d04_392_a_1_jpg.rf.geQ8XEzHwQmefNdYTksw.jpg,1,1,0.9954,0.11728,0.11714,Categoria II,Categoria II,269.26
T10_d05_331_a_1_jpg.rf.b1FGOKCfExfaWFCMww9V.jpg,1,1,0.9895,0.0,0.0,Categoria I,Categoria I,272.74
T10_d07_092_b_1_jpg.rf.IBrTGWCH8aeLo5d7YC8n.jpg,1,1,0.7499,0.47797,0.0,Rechazado,Categoria I,257.42
T10_d07_162_a_1_jpg.rf.bbhRE5HNb7la08x8NujH.jpg,1,1,0.955,0.99629,0.14632,Rechazado,Rechazado,254.54
T10_d07_395_a_1_jpg.rf.zUv5iN86livDBX2qE7M5.jpg,1,1,0.8363,0.25567,0.0,Rechazado,Categoria I,263.45
T10_d08_395_b_2_jpg.rf.DJUWEHr1NsOu1G55MsI0.jpg,2,2,0.9549,0.01436,0.0,Categoria I,Categoria I,256.94
T10_d08_471_b_1_jpg.rf.pRWuPkTutq50iAoyAg3C.jpg,1,1,0.8263,0.08686,0.09602,Categoria I,Categoria II,262.82
T10_d09_015_b_2_jpg.rf.2Ge0th0cVSofMHjbISCE.jpg,2,2,0.9893,0.02114,0.01193,Categoria I,Categoria I,258.17
T10_d09_092_b_2_jpg.rf.DWQDYA92dLhnGvpbJtrW.jpg,2,2,0.998,0.26051,0.0,Rechazado,Categoria I,256.2
T10_d09_100_b_2_jpg.rf.85zCsiVRvzfxbqMaBLNP.jpg,2,2,0.9941,0.21995,0.05347,Rechazado,Categoria I,268.66
T10_d09_162_b_2_jpg.rf.35WkU4ly6qoGaBbWkKFZ.jpg,2,2,0.9986,0.15462,0.02863,Rechazado,Categoria I,254.59
T10_d09_219_b_2_jpg.rf.tH8lBZtIlsRhVmmgSrxC.jpg,2,2,0.9826,0.34707,0.08695,Rechazado,Categoria I,266.22
T10_d10_275_b_2_jpg.rf.siGmwB5nnYXByUnGOoAu.jpg,2,2,0.9463,0.61654,0.40695,Rechazado,Rechazado,256.34
T10_d11_015_a_3_jpg.rf.RRhl6YOx18ej2gH6aZl8.jpg,3,2,0.7035,0.05318,0.05852,Categoria I,Categoria I,257.32
T10_d11_092_b_3_jpg.rf.L5iG9L5DjQdsXCyOPymX.jpg,3,2,0.607,0.03957,0.15897,Categoria I,Rechazado,255.1
T10_d11_219_a_3_jpg.rf.xhIN3sD2Hv7fbVVjuOrj.jpg,3,3,0.7953,0.24285,0.0159,Rechazado,Categoria I,256.66
T10_d11_275_a_3_jpg.rf.0GpPj4Gg58KboiDWv09Y.jpg,3,2,0.78,0.0,0.0,Categoria I,Categoria I,269.65
T10_d11_392_a_4_jpg.rf.a2R0RLBxOjvWLus9vcXs.jpg,4,3,0.9344,0.09109,0.05757,Categoria I,Categoria I,268.94
T10_d12_275_a_3_jpg.rf.joYY4Q9109yJUufFoaTk.jpg,3,2,0.561,0.0,0.0,Categoria I,Categoria I,269.77
T10_d12_471_b_2_jpg.rf.0oxDsckZowNWvf6WM7rs.jpg,2,2,0.6417,0.06767,0.09484,Categoria I,Categoria II,264.33
T10_d13_395_b_3_jpg.rf.K2359XhUAbfgrv0Q6Q5L.jpg,3,3,0.7781,0.0,0.0129,Categoria I,Categoria I,257.78
T10_d13_471_a_3_jpg.rf.8407AQuYtv59mq5hszTs.jpg,3,3,0.7979,0.0,0.0,Categoria I,Categoria I,264.81
T10_d14_219_b_3_jpg.rf.3GS5ouDQBgMy3rQkHBM4.jpg,3,3,0.9791,0.13905,0.11222,Categoria II,Categoria II,274.5
T10_d15_395_b_3_jpg.rf.dkZB2Qaupj87W1gtUDYj.jpg,3,4,0.7829,0.0,0.01813,Categoria I,Categoria I,259.47
T10_d16_275_b_3_jpg.rf.sRI7OyCHk4g9XMESfqfm.jpg,3,4,0.5515,0.33458,0.55645,Rechazado,Rechazado,258.65
T10_d16_392_b_4_jpg.rf.J4DWVf3WMNrgJ8UI9fRK.jpg,4,4,0.832,0.04573,0.04962,Categoria I,Categoria I,262.6
T10_d17_392_a_4_jpg.rf.us9u1l4LlmCxXzhUCRA9.jpg,4,3,0.6952,0.03784,0.09581,Categoria I,Categoria II,256.81
T10_d17_392_b_4_jpg.rf.mkhehSr7hvqljE5531tU.jpg,4,4,0.9684,0.06744,0.08702,Categoria I,Categoria I,252.78
T10_d20_219_a_4_jpg.rf.OxGghTlPxx79eAjwHxRA.jpg,4,4,0.986,0.45409,0.01676,Rechazado,Categoria I,260.52
T10_d20_471_b_4_jpg.rf.kxkyqrtQOONf2ISSJ11L.jpg,4,4,0.741,0.15898,0.21938,Rechazado,Rechazado,252.26
T10_d22_275_b_4_jpg.rf.SXymwt3ipubsASL01FiP.jpg,4,4,0.9462,0.29834,0.42522,Rechazado,Rechazado,257.85
T10_d23_395_b_5_jpg.rf.sxGqTOTMFMTMw7Uls1zx.jpg,5,5,0.6687,0.02359,0.02446,Categoria I,Categoria I,259.04
T10_d24_471_a_5_jpg.rf.uJDnYlSlUmyZY7MFmpQD.jpg,5,4,0.6297,0.0,0.0,Categoria I,Categoria I,255.24
T10_d25_015_a_5_jpg.rf.kPhH0N5pFP3RErVxwWkJ.jpg,5,5,0.931,0.04286,0.04422,Categoria I,Categoria I,260.27
T10_d25_092_a_5_jpg.rf.bhpQcDCXaDIIsqRXwJAx.jpg,5,5,0.9758,0.03501,0.03281,Categoria I,Categoria I,274.49
T10_d25_395_a_5_jpg.rf.9zZIOSamXAFS5tbdbW2I.jpg,5,5,0.7987,0.0,0.0,Categoria I,Categoria I,267.43
T10_d26_015_b_5_jpg.rf.BdG8Rwze2KYxByGqcOND.jpg,5,5,0.9243,0.01579,0.01791,Categoria I,Categoria I,265.66
T20_d01_161_a_1_jpg.rf.r36Ieig41ncbpcomQiyi.jpg,1,1,0.9997,0.0,0.00928,Categoria I,Categoria I,254.95
T20_d01_313_a_1_jpg.rf.1klAiHbibnWDHQcDhzkc.jpg,1,1,0.974,0.07884,0.05401,Categoria I,Categoria I,264.36
T20_d01_360_a_1_jpg.rf.k4KIbkrqdPoPmcnMaYMl.jpg,1,1,0.9882,0.01693,0.01687,Categoria I,Categoria I,254.06
T20_d02_279_a_1_jpg.rf.qiGpQSYpRNf8vnLAgM6j.jpg,1,2,0.9508,0.07718,0.01304,Categoria I,Categoria I,255.88
T20_d02_360_a_1_jpg.rf.sHflsZQXMh4OX0oDyZl6.jpg,1,1,0.9009,0.01205,0.0,Categoria I,Categoria I,258.13
T20_d03_020_a_1_jpg.rf.yuX7H7Fa7HkhL822iZ3u.jpg,1,1,0.9952,0.06398,0.06195,Categoria I,Categoria I,257.7
T20_d03_020_b_1_jpg.rf.pk8FUXbNi1qWQ2QTocW6.jpg,1,1,0.9978,0.10541,0.12211,Categoria II,Categoria II,267.54
T20_d03_190_b_2_jpg.rf.bIiegaqHUbV0Of9UiR7B.jpg,2,3,0.5483,0.09766,0.12181,Categoria II,Categoria II,257.1
T20_d03_360_b_2_jpg.rf.Vt9TJ05XjELgN6oqImnc.jpg,2,2,0.9816,0.04413,0.03323,Categoria I,Categoria I,255.16
T20_d03_468_a_2_jpg.rf.Gc5gIYPsXJMpRuqXTQdN.jpg,2,2,0.9782,0.0,0.0,Categoria I,Categoria I,256.44
T20_d04_360_b_2_jpg.rf.U1m2sXU9UTl3NDHMkQd6.jpg,2,2,0.9525,0.0,0.02838,Categoria I,Categoria I,259.34
T20_d04_462_b_2_jpg.rf.jcCYsIqV0Libi90gZaqp.jpg,2,2,0.9868,0.0,0.0,Categoria I,Categoria I,259.31
T20_d05_085_a_3_jpg.rf.aDcNRK9J5A15JzuN6rPI.jpg,3,2,0.9455,0.10346,0.1057,Categoria II,Categoria II,254.83
T20_d05_161_b_4_jpg.rf.1WFA0Po9FBZt8Y8797n1.jpg,4,3,0.731,0.1901,0.0222,Rechazado,Categoria I,260.42
T20_d05_190_a_4_jpg.rf.iucbBsKpsHK6JFRLQXyn.jpg,4,4,0.8923,0.08006,0.07984,Categoria I,Categoria I,272.01
T20_d06_240_a_4_jpg.rf.KwWZzzaCtlssc769Xd8J.jpg,4,4,0.8791,0.08986,0.09395,Categoria I,Categoria I,269.22
T20_d06_279_b_4_jpg.rf.4fOQNBpvL3WZm2i2Wcwz.jpg,4,4,0.9066,0.08768,0.03448,Categoria I,Categoria I,258.48
T20_d06_468_b_4_jpg.rf.3DlkzW3TP3BuedOvgeBX.jpg,4,4,0.6317,0.0,0.0,Categoria I,Categoria I,260.15
T20_d07_085_a_3_jpg.rf.x1agl7J8ixjIs4TpqCUe.jpg,3,3,0.5708,0.08851,0.06858,Categoria I,Categoria I,261.53
T20_d07_141_a_3_jpg.rf.ib1ZLAe44RC9mV9uZzMs.jpg,3,3,0.4906,0.0,0.0,Categoria I,Categoria I,261.86
T20_d07_462_a_3_jpg.rf.pqwWcyTAt53EjMw5h7hI.jpg,3,2,0.8086,0.03724,0.04387,Categoria I,Categoria I,262.02
T20_d08_190_b_4_jpg.rf.DHRNp4YfB6uODQBnmGAv.jpg,4,4,0.7563,0.12824,0.12424,Categoria II,Categoria II,263.98
T20_d09_462_a_4_jpg.rf.hB6vaxDBxjwu8ym0MwFe.jpg,4,3,0.6037,0.00996,0.01358,Categoria I,Categoria I,257.06
T20_d09_468_a_5_jpg.rf.GNpNYXPcvt82w7gw7jnZ.jpg,5,5,0.5559,0.0,0.0,Categoria I,Categoria I,257.44
T20_d10_141_a_5_jpg.rf.JUEnBXWzfdyHOe9oNnDw.jpg,5,5,0.7057,0.0,0.0,Categoria I,Categoria I,257.95
T20_d10_228_b_5_jpg.rf.mEhkX7C8pULfTZQLzeF4.jpg,5,5,0.9946,0.0,0.0,Categoria I,Categoria I,260.22
T20_d10_240_b_5_jpg.rf.n8IkHxopAsAy7yUMOw3b.jpg,5,5,0.9914,0.38942,0.18441,Rechazado,Rechazado,260.41
T20_d10_289_b_5_jpg.rf.K8RBFZojRJREE6qX8MoK.jpg,5,5,0.9265,0.0,0.0,Categoria I,Categoria I,254.61
T20_d11_161_a_5_jpg.rf.ILeG9LxLvBD5PPa07thg.jpg,5,5,0.9333,0.0517,0.02594,Categoria I,Categoria I,258.83
T20_d11_190_a_5_jpg.rf.9E8qGyQdIdJSSldlzjHX.jpg,5,5,0.9705,0.11167,0.07839,Categoria II,Categoria I,257.72
Tam_d01_078_a_1_jpg.rf.t02YWo5Y7Fpzg39RQCni.jpg,1,1,0.9891,0.2225,0.22868,Rechazado,Rechazado,259.67
Tam_d01_396_b_1_jpg.rf.CVY7iu6OQBObWD54JFje.jpg,1,1,0.9993,0.32255,0.08741,Rechazado,Categoria I,273.27
Tam_d02_164_a_1_jpg.rf.TzOYMGAjlKtabJTYlQ5S.jpg,1,1,0.9918,0.0,0.0,Categoria I,Categoria I,269.2
Tam_d02_209_a_1_jpg.rf.0jsPfTxG2RLdzsX9EOXs.jpg,1,1,0.9927,0.00889,0.01432,Categoria I,Categoria I,293.35
Tam_d02_396_b_1_jpg.rf.jG9HU5TBKKAsJXehUBZH.jpg,1,1,0.9816,0.11612,0.2417,Categoria II,Rechazado,308.73
Tam_d03_281_a_2_jpg.rf.tfsU5t1yPrvrzJfMRBpa.jpg,2,1,0.9487,0.08774,0.09154,Categoria I,Categoria I,309.84
Tam_d03_339_b_2_jpg.rf.7bQRsPaiRmGMYKUMSICQ.jpg,2,1,0.7894,0.28433,0.0,Rechazado,Categoria I,307.37
Tam_d03_362_b_1_jpg.rf.fPnQcliq999xJrOVRVpo.jpg,1,1,0.8445,0.06525,0.04755,Categoria I,Categoria I,309.25
Tam_d04_140_a_3_jpg.rf.zxkg4IO8ukNdMnLiUe6i.jpg,3,2,0.8964,0.27529,0.10148,Rechazado,Categoria II,311.48
Tam_d04_209_a_2_jpg.rf.RdFlPkURPfi3cVImtvwZ.jpg,2,2,0.9791,0.0367,0.0,Categoria I,Categoria I,315.84
Tam_d04_231_b_3_jpg.rf.mcF79La0E4t2cTjXKXVF.jpg,3,4,0.4269,0.05005,0.04111,Categoria I,Categoria I,335.5
Tam_d04_238_a_3_jpg.rf.qV1xH6Nd4fLGquvRgi5e.jpg,3,2,0.9541,0.0,0.0,Categoria I,Categoria I,322.01
Tam_d04_396_a_2_jpg.rf.J2mnBMCs8jGNhm8H7zkL.jpg,2,1,0.9689,0.09168,0.0132,Categoria I,Categoria I,318.74
Tam_d04_396_b_2_jpg.rf.83eCyPbUQJIMTooU7TTa.jpg,2,1,0.9183,0.33047,0.17232,Rechazado,Rechazado,322.58
Tam_d04_416_a_2_jpg.rf.ekIt23x3cigYF28DkA9B.jpg,2,2,0.9725,0.07705,0.0783,Categoria I,Categoria I,320.65
Tam_d05_281_b_2_jpg.rf.miWTJH1m1Bx1qEyORgqz.jpg,2,2,0.9428,0.02346,0.02239,Categoria I,Categoria I,326.34
Tam_d05_344_a_4_jpg.rf.2BnPgUSLqiTwoszTEllY.jpg,4,4,0.9504,0.14206,0.17057,Rechazado,Rechazado,335.56
Tam_d05_396_b_2_jpg.rf.tMPGrf5GMEcpKnjO4xBY.jpg,2,2,0.9699,0.15989,0.19951,Rechazado,Rechazado,319.55
Tam_d05_416_a_2_jpg.rf.4uf07Yj6VO7KewfxWiwU.jpg,2,2,0.8454,0.07163,0.08033,Categoria I,Categoria I,319.18
Tam_d05_416_b_2_jpg.rf.O24JnLvBYEnCAWbZp5o5.jpg,2,2,0.9387,0.0,0.0,Categoria I,Categoria I,321.5
Tam_d06_078_b_4_jpg.rf.qIyVHGyTdNpKmlWFSPCS.jpg,4,4,0.8941,0.2295,0.34504,Rechazado,Rechazado,335.22
Tam_d06_140_a_3_jpg.rf.9OU5IFVN0rbnHwRCLwiZ.jpg,3,4,0.73,0.10434,0.10036,Categoria II,Categoria II,359.45
Tam_d06_238_a_3_jpg.rf.zoWpBGQK0aVvPetUOTeA.jpg,3,3,0.8103,0.0,0.0,Categoria I,Categoria I,329.12
Tam_d07_078_b_4_jpg.rf.w691jRXKD2f840dmClhN.jpg,4,4,0.9033,0.0,0.01465,Categoria I,Categoria I,332.58
Tam_d07_135_a_4_jpg.rf.tVLowr9As5RXWpuz8XPi.jpg,4,5,0.9587,0.36609,0.82817,Rechazado,Rechazado,334.61
Tam_d07_140_b_4_jpg.rf.pFQqxHDvr1ZHiefEvelt.jpg,4,5,0.6579,0.09365,0.29648,Categoria I,Rechazado,325.85
Tam_d07_374_a_3_jpg.rf.8oq9xBGTWRW2s2jUkBdN.jpg,3,3,0.7604,0.07539,0.06096,Categoria I,Categoria I,344.15
Tam_d07_396_b_3_jpg.rf.x8Mc94YBI7GO4aAA2Ez0.jpg,3,4,0.5035,0.32163,0.28218,Rechazado,Rechazado,333.94
Tam_d07_416_b_4_jpg.rf.CZfqPNOs80Y84V6mm2eA.jpg,4,3,0.8852,0.0,0.0,Categoria I,Categoria I,259.26
Tam_d08_164_b_4_jpg.rf.NQUH5DUPbegQgPpX44PN.jpg,4,4,0.9421,0.3039,0.28169,Rechazado,Rechazado,267.94
Tam_d08_238_a_4_jpg.rf.PcNTFreIJPtr7gjWHWqd.jpg,4,4,0.9134,0.0,0.0,Categoria I,Categoria I,263.67
Tam_d08_472_b_4_jpg.rf.m0AdiOTeMDJ3itta2Hm8.jpg,4,4,0.989,0.03335,0.0412,Categoria I,Categoria I,262.95
Tam_d09_209_a_4_jpg.rf.FpDVttdxZIydToL7HBj8.jpg,4,4,0.7745,0.0,0.0,Categoria I,Categoria I,253.38
Tam_d09_281_b_5_jpg.rf.PyhR59CJkDCW2AD6SWeZ.jpg,5,4,0.504,0.01611,0.0481,Categoria I,Categoria I,262.48
Tam_d10_344_b_5_jpg.rf.WOx5zpR8YLdJ9fipCTVI.jpg,5,5,0.9252,0.20287,0.1398,Rechazado,Categoria II,256.23
Tam_d10_472_b_5_jpg.rf.lshvWNhPdW1FSkDtVQHu.jpg,5,5,0.746,0.03023,0.04134,Categoria I,Categoria I,256.18
Tam_d11_126_b_5_jpg.rf.hQSahW2braVEsExz42vP.jpg,5,5,0.9754,0.0,0.0,Categoria I,Categoria I,256.15
Tam_d11_339_b_5_jpg.rf.4qy5Nd7mVarCaRj9DAHL.jpg,5,5,0.9577,0.0,0.0,Categoria I,Categoria I,250.97
Tam_d11_362_a_5_jpg.rf.YnbDeToTzULD4EaHeylm.jpg,5,5,0.9484,0.03191,0.03212,Categoria I,Categoria I,259.02
