epoca,seg,perdida_train,perdida_val,val_acc,val_f1
1,60.2,1.0023,1.095,0.6121,0.5715
2,26.6,0.7386,0.7331,0.7026,0.6854
3,26.9,0.6917,0.6371,0.7543,0.7463
4,27.0,0.6313,1.427,0.5517,0.4787
5,27.2,0.6237,0.7918,0.6897,0.6742
6,27.3,0.5932,1.35,0.6164,0.5453
7,27.4,0.5825,0.9156,0.6422,0.5936
8,27.3,0.5708,0.6574,0.7629,0.7548
9,27.6,0.5492,0.6343,0.7241,0.7124
10,27.4,0.5331,0.7275,0.7586,0.7496
11,27.5,0.5159,0.6356,0.7543,0.7466
12,27.5,0.503,1.0411,0.6552,0.6418
13,27.7,0.5083,1.0647,0.6853,0.6579
14,27.7,0.5003,0.6457,0.7328,0.716
15,27.5,0.4778,0.7842,0.7069,0.683
16,27.6,0.4569,0.6928,0.7241,0.7189
17,27.7,0.4603,0.6367,0.7716,0.763
18,27.7,0.4448,0.6538,0.7802,0.7706
19,27.8,0.4305,1.1543,0.6509,0.6521
20,27.9,0.4249,0.8059,0.7414,0.7335
21,27.9,0.4144,0.6565,0.7543,0.7436
22,27.9,0.3842,0.7841,0.7241,0.7105
23,27.7,0.3691,0.9655,0.681,0.6718
24,27.8,0.3687,0.7915,0.7328,0.7231
25,27.9,0.3436,0.8824,0.7371,0.7267
26,28.0,0.321,0.7902,0.7371,0.7347
27,28.0,0.3204,0.7862,0.7457,0.7423
28,28.1,0.2925,0.7605,0.7457,0.7345
